,Rank,Title,Worldwide Lifetime Gross,Domestic Lifetime Gross,Domestic %,Foreign Lifetime Gross,Foreign %,Year,imdb_id
0,1,Avengers: Endgame,"$2,797,800,564","$858,373,000",30.7%,"$1,939,427,564",69.3%,2019,tt4154796
1,2,Avatar,"$2,790,439,000","$760,507,625",27.2%,"$2,029,931,375",72.8%,2009,tt0499549
2,3,Titanic,"$2,194,439,542","$659,363,944",30%,"$1,535,075,598",70%,1997,tt0120338
3,4,Star Wars: Episode VII - The Force Awakens,"$2,068,223,624","$936,662,225",45.3%,"$1,131,561,399",54.7%,2015,tt2488496
4,5,Avengers: Infinity War,"$2,048,359,754","$678,815,482",33.1%,"$1,369,544,272",66.9%,2018,tt4154756
5,6,Jurassic World,"$1,670,400,637","$652,270,625",39%,"$1,018,130,012",61%,2015,tt0369610
6,7,The Lion King,"$1,656,943,394","$543,638,043",32.8%,"$1,113,305,351",67.2%,2019,tt6105098
7,8,The Avengers,"$1,518,812,988","$623,357,910",41%,"$895,455,078",59%,2012,tt0848228
8,9,Furious 7,"$1,515,047,671","$353,007,020",23.3%,"$1,162,040,651",76.7%,2015,tt2820852
9,10,Frozen II,"$1,450,026,933","$477,373,578",32.9%,"$972,653,355",67.1%,2019,tt4520988
10,11,Avengers: Age of Ultron,"$1,402,805,868","$459,005,868",32.7%,"$943,800,000",67.3%,2015,tt2395427
11,12,Black Panther,"$1,346,913,161","$700,059,566",52%,"$646,853,595",48%,2018,tt1825683
12,13,Harry Potter and the Deathly Hallows: Part 2,"$1,341,932,398","$381,409,310",28.4%,"$960,523,088",71.6%,2011,tt1201607
13,14,Star Wars: Episode VIII - The Last Jedi,"$1,332,539,889","$620,181,382",46.5%,"$712,358,507",53.5%,2017,tt2527336
14,15,Jurassic World: Fallen Kingdom,"$1,308,467,944","$417,719,760",31.9%,"$890,748,184",68.1%,2018,tt4881806
15,16,Frozen,"$1,280,802,282","$400,738,009",31.3%,"$880,064,273",68.7%,2013,tt2294629
16,17,Beauty and the Beast,"$1,263,521,126","$504,014,165",39.9%,"$759,506,961",60.1%,2017,tt2771200
17,18,Incredibles 2,"$1,242,805,359","$608,581,744",49%,"$634,223,615",51%,2018,tt3606756
18,19,The Fate of the Furious,"$1,236,005,118","$226,008,385",18.3%,"$1,009,996,733",81.7%,2017,tt4630562
19,20,Iron Man 3,"$1,214,811,252","$409,013,994",33.7%,"$805,797,258",66.3%,2013,tt1300854
20,21,Minions,"$1,159,398,397","$336,045,770",29%,"$823,352,627",71%,2015,tt2293640
21,22,Captain America: Civil War,"$1,153,296,293","$408,084,349",35.4%,"$745,211,944",64.6%,2016,tt3498820
22,23,Aquaman,"$1,148,461,807","$335,061,807",29.2%,"$813,400,000",70.8%,2018,tt1477834
23,24,The Lord of the Rings: The Return of the King,"$1,142,219,401","$377,845,905",33.1%,"$764,373,496",66.9%,2003,tt0167260
24,25,Spider-Man: Far from Home,"$1,131,927,996","$390,532,085",34.5%,"$741,395,911",65.5%,2019,tt6320628
25,26,Captain Marvel,"$1,128,274,794","$426,829,839",37.8%,"$701,444,955",62.2%,2019,tt4154664
26,27,Transformers: Dark of the Moon,"$1,123,794,079","$352,390,543",31.4%,"$771,403,536",68.6%,2011,tt1399103
27,28,Skyfall,"$1,108,561,013","$304,360,277",27.5%,"$804,200,736",72.5%,2012,tt1074638
28,29,Transformers: Age of Extinction,"$1,104,054,072","$245,439,076",22.2%,"$858,614,996",77.8%,2014,tt2109248
29,30,The Dark Knight Rises,"$1,081,041,287","$448,139,099",41.4%,"$632,902,188",58.6%,2012,tt1345836
30,31,Joker,"$1,074,251,311","$335,451,311",31.2%,"$738,800,000",68.8%,2019,tt7286456
31,32,Star Wars: Episode IX - The Rise of Skywalker,"$1,074,144,248","$515,202,542",48%,"$558,941,706",52%,2019,tt2527338
32,33,Toy Story 4,"$1,073,394,593","$434,038,008",40.4%,"$639,356,585",59.6%,2019,tt1979376
33,34,Toy Story 3,"$1,066,969,703","$415,004,880",38.9%,"$651,964,823",61.1%,2010,tt0435761
34,35,Pirates of the Caribbean: Dead Man's Chest,"$1,066,179,725","$423,315,812",39.7%,"$642,863,913",60.3%,2006,tt0383574
35,36,Rogue One: A Star Wars Story,"$1,056,057,273","$532,177,324",50.4%,"$523,879,949",49.6%,2016,tt3748528
36,37,Aladdin,"$1,050,693,953","$355,559,216",33.8%,"$695,134,737",66.2%,2019,tt6139732
37,38,Pirates of the Caribbean: On Stranger Tides,"$1,045,713,802","$241,071,802",23%,"$804,642,000",77%,2011,tt1298650
38,39,Despicable Me 3,"$1,034,799,409","$264,624,300",25.6%,"$770,175,109",74.4%,2017,tt3469046
39,40,Jurassic Park,"$1,032,020,521","$402,828,120",39%,"$629,192,401",61%,1993,tt0107290
40,41,Finding Dory,"$1,028,570,889","$486,295,561",47.3%,"$542,275,328",52.7%,2016,tt2277860
41,42,Star Wars: Episode I - The Phantom Menace,"$1,027,082,707","$474,544,677",46.2%,"$552,538,030",53.8%,1999,tt0120915
42,43,Alice in Wonderland,"$1,025,467,110","$334,191,110",32.6%,"$691,276,000",67.4%,2010,tt1014759
43,44,Zootopia,"$1,023,784,195","$341,268,248",33.3%,"$682,515,947",66.7%,2016,tt2948356
44,45,The Hobbit: An Unexpected Journey,"$1,017,003,568","$303,003,568",29.8%,"$714,000,000",70.2%,2012,tt0903624
45,46,The Dark Knight,"$1,004,934,033","$535,234,033",53.3%,"$469,700,000",46.7%,2008,tt0468569
46,47,Harry Potter and the Sorcerer's Stone,"$978,087,613","$318,087,620",32.5%,"$659,999,993",67.5%,2001,tt0241527
47,48,Harry Potter and the Deathly Hallows: Part 1,"$976,920,103","$296,347,721",30.3%,"$680,572,382",69.7%,2010,tt0926084
48,49,Despicable Me 2,"$970,766,005","$368,065,385",37.9%,"$602,700,620",62.1%,2013,tt1690953
49,50,The Lion King,"$968,511,805","$422,783,777",43.6%,"$545,728,028",56.4%,1994,tt0110357
50,51,The Jungle Book,"$966,550,600","$364,001,123",37.7%,"$602,549,477",62.3%,2016,tt3040964
51,52,Jumanji: Welcome to the Jungle,"$962,102,237","$404,540,171",42%,"$557,562,066",58%,2017,tt2283362
52,53,Pirates of the Caribbean: At World's End,"$960,996,492","$309,420,425",32.2%,"$651,576,067",67.8%,2007,tt0449088
53,54,The Hobbit: The Desolation of Smaug,"$958,366,855","$258,366,855",27%,"$700,000,000",73%,2013,tt1170358
54,55,The Hobbit: The Battle of the Five Armies,"$956,019,788","$255,119,788",26.7%,"$700,900,000",73.3%,2014,tt2310332
55,56,The Lord of the Rings: The Two Towers,"$951,208,089","$342,551,365",36%,"$608,656,724",64%,2002,tt0167261
56,57,Harry Potter and the Order of the Phoenix,"$942,044,510","$292,353,413",31%,"$649,691,097",69%,2007,tt0373889
57,58,Finding Nemo,"$940,343,261","$380,843,261",40.5%,"$559,500,000",59.5%,2003,tt0266543
58,59,Harry Potter and the Half-Blood Prince,"$934,326,396","$302,305,431",32.4%,"$632,020,965",67.6%,2009,tt0417741
59,60,Shrek 2,"$928,760,770","$441,226,247",47.5%,"$487,534,523",52.5%,2004,tt0298148
60,61,Bohemian Rhapsody,"$903,655,259","$216,428,042",24%,"$687,227,217",76%,2018,tt1727824
61,62,Harry Potter and the Goblet of Fire,"$896,346,229","$290,417,905",32.4%,"$605,928,324",67.6%,2005,tt0330373
62,63,Spider-Man 3,"$894,983,373","$336,530,303",37.6%,"$558,453,070",62.4%,2007,tt0413300
63,64,The Lord of the Rings: The Fellowship of the Ring,"$887,832,826","$315,544,750",35.5%,"$572,288,076",64.5%,2001,tt0120737
64,65,Ice Age: Dawn of the Dinosaurs,"$886,686,817","$196,573,705",22.2%,"$690,113,112",77.8%,2009,tt1080016
65,66,Spectre,"$880,674,609","$200,074,609",22.7%,"$680,600,000",77.3%,2015,tt2379713
66,67,Spider-Man: Homecoming,"$880,166,924","$334,201,140",38%,"$545,965,784",62%,2017,tt2250912
67,68,Harry Potter and the Chamber of Secrets,"$879,465,594","$262,450,136",29.8%,"$617,015,458",70.2%,2002,tt0295297
68,69,Ice Age: Continental Drift,"$877,244,782","$161,321,843",18.4%,"$715,922,939",81.6%,2012,tt1667889
69,70,The Secret Life of Pets,"$875,457,937","$368,384,330",42.1%,"$507,073,607",57.9%,2016,tt2709768
70,71,Batman v Superman: Dawn of Justice,"$873,634,919","$330,360,194",37.8%,"$543,274,725",62.2%,2016,tt2975590
71,72,Wolf Warrior 2,"$870,325,439","$2,721,100",0.3%,"$867,604,339",99.7%,2017,tt7131870
72,73,Star Wars: Episode III - Revenge of the Sith,"$868,390,560","$380,270,577",43.8%,"$488,119,983",56.2%,2005,tt0121766
73,74,The Hunger Games: Catching Fire,"$865,011,746","$424,668,047",49.1%,"$440,343,699",50.9%,2013,tt1951264
74,75,Guardians of the Galaxy Vol. 2,"$863,756,051","$389,813,101",45.1%,"$473,942,950",54.9%,2017,tt3896198
75,76,Inside Out,"$857,611,174","$356,461,711",41.6%,"$501,149,463",58.4%,2015,tt2096673
76,77,Venom,"$856,085,151","$213,515,506",24.9%,"$642,569,645",75.1%,2018,tt1270797
77,78,Thor: Ragnarok,"$853,977,126","$315,058,289",36.9%,"$538,918,837",63.1%,2017,tt3501632
78,79,Transformers: Revenge of the Fallen,"$836,303,693","$402,111,870",48.1%,"$434,191,823",51.9%,2009,tt1055369
79,80,Inception,"$829,895,144","$292,576,195",35.2%,"$537,318,949",64.8%,2010,tt1375666
80,81,The Twilight Saga: Breaking Dawn - Part 2,"$829,746,820","$292,324,737",35.2%,"$537,422,083",64.8%,2012,tt1673434
81,82,Spider-Man,"$825,025,036","$407,022,860",49.3%,"$418,002,176",50.7%,2002,tt0145487
82,83,Wonder Woman,"$821,847,012","$412,563,408",50.2%,"$409,283,604",49.8%,2017,tt0451279
83,84,Independence Day,"$817,400,891","$306,169,268",37.5%,"$511,231,623",62.5%,1996,tt0116629
84,85,Fantastic Beasts and Where to Find Them,"$814,037,575","$234,037,575",28.8%,"$580,000,000",71.2%,2016,tt3183660
85,86,Shrek the Third,"$813,367,380","$322,719,944",39.7%,"$490,647,436",60.3%,2007,tt0413267
86,87,Coco,"$807,082,196","$209,726,015",26%,"$597,356,181",74%,2017,tt2380307
87,88,Jumanji: The Next Level,"$796,575,993","$316,831,246",39.8%,"$479,744,747",60.2%,2019,tt7975244
88,89,Harry Potter and the Prisoner of Azkaban,"$796,093,802","$249,975,996",31.4%,"$546,117,806",68.6%,2004,tt0304141
89,90,Pirates of the Caribbean: Dead Men Tell No Tales,"$794,861,794","$172,558,876",21.7%,"$622,302,918",78.3%,2017,tt1790809
90,91,E.T. the Extra-Terrestrial,"$793,482,178","$435,110,554",54.8%,"$358,371,624",45.2%,1982,tt0083866
91,92,2012,"$791,217,826","$166,112,167",21%,"$625,105,659",79%,2009,tt1190080
92,93,Mission: Impossible - Fallout,"$791,115,104","$220,159,104",27.8%,"$570,956,000",72.2%,2018,tt4912910
93,94,Indiana Jones and the Kingdom of the Crystal Skull,"$790,653,942","$317,101,119",40.1%,"$473,552,823",59.9%,2008,tt0367882
94,95,Spider-Man 2,"$788,976,453","$373,585,825",47.4%,"$415,390,628",52.6%,2004,tt0316654
95,96,Fast & Furious 6,"$788,679,850","$238,679,850",30.3%,"$550,000,000",69.7%,2013,tt1905041
96,97,Deadpool 2,"$785,794,179","$324,591,735",41.3%,"$461,202,444",58.7%,2018,tt5463162
97,98,Deadpool,"$782,612,155","$363,070,709",46.4%,"$419,541,446",53.6%,2016,tt1431045
98,99,Star Wars: Episode IV - A New Hope,"$775,512,064","$460,998,507",59.4%,"$314,513,557",40.6%,1977,tt0076759
99,100,Guardians of the Galaxy,"$772,776,600","$333,176,600",43.1%,"$439,600,000",56.9%,2014,tt2015381
100,101,The Da Vinci Code,"$760,006,945","$217,536,138",28.6%,"$542,470,807",71.4%,2006,tt0382625
101,102,Fast & Furious Presents: Hobbs & Shaw,"$759,056,935","$173,956,935",22.9%,"$585,100,000",77.1%,2019,tt6806448
102,103,Maleficent,"$758,410,378","$241,410,378",31.8%,"$517,000,000",68.2%,2014,tt1587310
103,104,The Amazing Spider-Man,"$757,930,663","$262,030,663",34.6%,"$495,900,000",65.4%,2012,tt0948470
104,105,The Hunger Games: Mockingjay - Part 1,"$755,356,711","$337,135,885",44.6%,"$418,220,826",55.4%,2014,tt1951265
105,106,Shrek Forever After,"$752,600,867","$238,736,787",31.7%,"$513,864,080",68.3%,2010,tt0892791
106,107,Madagascar 3: Europe's Most Wanted,"$746,921,274","$216,391,482",29%,"$530,529,792",71%,2012,tt1277953
107,108,Suicide Squad,"$746,846,894","$325,100,054",43.5%,"$421,746,840",56.5%,2016,tt1386697
108,109,X-Men: Days of Future Past,"$746,045,700","$233,921,534",31.4%,"$512,124,166",68.6%,2014,tt1877832
109,110,"The Chronicles of Narnia: The Lion, the Witch and the Wardrobe","$745,013,115","$291,710,957",39.2%,"$453,302,158",60.8%,2005,tt0363771
110,111,Monsters University,"$743,559,607","$268,492,764",36.1%,"$475,066,843",63.9%,2013,tt1453405
111,112,The Matrix Reloaded,"$741,846,459","$281,576,461",38%,"$460,269,998",62%,2003,tt0234215
112,113,Up,"$735,099,082","$293,004,164",39.9%,"$442,094,918",60.1%,2009,tt1049413
113,114,Ne Zha,"$726,063,471","$3,695,533",0.5%,"$722,367,938",99.5%,2019,tt10627720
114,115,Gravity,"$723,192,705","$274,092,705",37.9%,"$449,100,000",62.1%,2013,tt1454468
115,116,Captain America: The Winter Soldier,"$714,421,503","$259,766,572",36.4%,"$454,654,931",63.6%,2014,tt1843866
116,117,The Twilight Saga: Breaking Dawn - Part 1,"$712,205,856","$281,287,133",39.5%,"$430,918,723",60.5%,2011,tt1324999
117,118,The Twilight Saga: New Moon,"$711,020,081","$297,816,253",41.9%,"$413,203,828",58.1%,2009,tt1259571
118,119,Dawn of the Planet of the Apes,"$710,644,566","$208,545,589",29.4%,"$502,098,977",70.6%,2014,tt2103281
119,120,Transformers,"$709,709,780","$319,246,193",45%,"$390,463,587",55%,2007,tt0418279
120,121,The Amazing Spider-Man 2,"$708,982,323","$202,853,933",28.6%,"$506,128,390",71.4%,2014,tt1872181
121,122,It,"$701,796,444","$328,828,874",46.9%,"$372,967,570",53.1%,2017,tt1396484
122,123,The Wandering Earth,"$699,760,773","$5,875,487",0.8%,"$693,885,286",99.2%,2019,tt7605074
123,124,The Twilight Saga: Eclipse,"$698,491,347","$300,531,751",43%,"$397,959,596",57%,2010,tt1325004
124,125,Mission: Impossible - Ghost Protocol,"$694,713,380","$209,397,903",30.1%,"$485,315,477",69.9%,2011,tt1229238
125,126,The Hunger Games,"$694,394,724","$408,010,692",58.8%,"$286,384,032",41.2%,2012,tt1392170
126,127,Moana,"$690,845,539","$248,757,044",36%,"$442,088,495",64%,2016,tt3521164
127,128,Mission: Impossible - Rogue Nation,"$682,714,267","$195,042,377",28.6%,"$487,671,890",71.4%,2015,tt2381249
128,129,Forrest Gump,"$678,222,284","$330,455,270",48.7%,"$347,767,014",51.3%,1994,tt0109830
129,130,Doctor Strange,"$677,718,395","$232,641,920",34.3%,"$445,076,475",65.7%,2016,tt1211837
130,131,Interstellar,"$677,471,339","$188,020,017",27.8%,"$489,451,322",72.2%,2014,tt0816692
131,132,The Sixth Sense,"$672,806,292","$293,506,292",43.6%,"$379,300,000",56.4%,1999,tt0167404
132,133,Man of Steel,"$668,045,518","$291,045,518",43.6%,"$377,000,000",56.4%,2013,tt0770828
133,134,Ice Age: The Meltdown,"$667,094,506","$195,330,621",29.3%,"$471,763,885",70.7%,2006,tt0438097
134,135,Kung Fu Panda 2,"$665,692,281","$165,249,063",24.8%,"$500,443,218",75.2%,2011,tt1302011
135,136,The Hunger Games: Mockingjay - Part 2,"$658,344,137","$281,723,902",42.8%,"$376,620,235",57.2%,2015,tt1951266
136,137,Justice League,"$657,924,295","$229,024,295",34.8%,"$428,900,000",65.2%,2017,tt0974015
137,138,Big Hero 6,"$657,827,828","$222,527,828",33.8%,"$435,300,000",66.2%,2014,tt2245084
138,139,Fantastic Beasts: The Crimes of Grindelwald,"$654,855,901","$159,555,901",24.4%,"$495,300,000",75.6%,2018,tt4123430
139,140,Pirates of the Caribbean: The Curse of the Black Pearl,"$654,264,015","$305,413,918",46.7%,"$348,850,097",53.3%,2003,tt0325980
140,141,Star Wars: Episode II - Attack of the Clones,"$653,779,970","$310,676,740",47.5%,"$343,103,230",52.5%,2002,tt0121765
141,142,Thor: The Dark World,"$644,783,140","$206,362,140",32%,"$438,421,000",68%,2013,tt1981115
142,143,Sing,"$634,151,679","$270,395,425",42.6%,"$363,756,254",57.4%,2016,tt3470600
143,144,"Monsters, Inc.","$632,316,649","$289,916,256",45.8%,"$342,400,393",54.2%,2001,tt0198781
144,145,Kung Fu Panda,"$631,746,197","$215,434,591",34.1%,"$416,311,606",65.9%,2008,tt0441773
145,146,The Incredibles,"$631,606,713","$261,441,092",41.4%,"$370,165,621",58.6%,2004,tt0317705
146,147,The Martian,"$630,161,890","$228,433,663",36.2%,"$401,728,227",63.8%,2015,tt3659388
147,148,Hancock,"$629,443,428","$227,946,274",36.2%,"$401,497,154",63.8%,2008,tt0448157
148,149,Fast Five,"$626,137,675","$209,837,675",33.5%,"$416,300,000",66.5%,2011,tt1596343
149,150,Men in Black 3,"$624,026,776","$179,020,854",28.7%,"$445,005,922",71.3%,2012,tt1409024
150,151,Iron Man 2,"$623,933,331","$312,433,331",50.1%,"$311,500,000",49.9%,2010,tt1228705
151,152,Ratatouille,"$623,726,085","$206,445,654",33.1%,"$417,280,431",66.9%,2007,tt0382932
152,153,Ant-Man and the Wasp,"$622,674,139","$216,648,740",34.8%,"$406,025,399",65.2%,2018,tt5095030
153,154,How to Train Your Dragon 2,"$621,537,519","$177,002,924",28.5%,"$444,534,595",71.5%,2014,tt1646971
154,155,Logan,"$619,021,436","$226,277,068",36.6%,"$392,744,368",63.4%,2017,tt3315342
155,156,The Lost World: Jurassic Park,"$618,638,999","$229,086,679",37%,"$389,552,320",63%,1997,tt0119567
156,157,Casino Royale,"$616,501,619","$167,445,960",27.2%,"$449,055,659",72.8%,2006,tt0381061
157,158,The Passion of the Christ,"$612,054,428","$370,782,930",60.6%,"$241,271,498",39.4%,2004,tt0335345
158,159,Mamma Mia!,"$609,896,805","$144,169,664",23.6%,"$465,727,141",76.4%,2008,tt0795421
159,160,Life of Pi,"$609,016,565","$124,987,023",20.5%,"$484,029,542",79.5%,2012,tt0454876
160,161,Transformers: The Last Knight,"$605,425,157","$130,168,683",21.5%,"$475,256,474",78.5%,2017,tt3371366
161,162,Madagascar: Escape 2 Africa,"$603,900,354","$180,010,950",29.8%,"$423,889,404",70.2%,2008,tt0479952
162,163,War of the Worlds,"$603,873,119","$234,280,354",38.8%,"$369,592,765",61.2%,2005,tt0407304
163,164,Tangled,"$592,461,732","$200,821,936",33.9%,"$391,639,796",66.1%,2010,tt0398286
164,165,Quantum of Solace,"$589,580,482","$168,368,427",28.6%,"$421,212,055",71.4%,2008,tt0830515
165,166,Men in Black,"$589,390,539","$250,690,539",42.5%,"$338,700,000",57.5%,1997,tt0119654
166,167,The Croods,"$587,204,668","$187,168,425",31.9%,"$400,036,243",68.1%,2013,tt0481499
167,168,The Hangover Part II,"$586,764,305","$254,464,305",43.4%,"$332,300,000",56.6%,2011,tt1411697
168,169,I Am Legend,"$585,410,052","$256,393,010",43.8%,"$329,017,042",56.2%,2007,tt0480249
169,170,Iron Man,"$585,366,247","$318,604,126",54.4%,"$266,762,121",45.6%,2008,tt0371746
170,171,Ready Player One,"$582,890,172","$137,690,172",23.6%,"$445,200,000",76.4%,2018,tt1677720
171,172,Operation Red Sea,"$579,330,426","$1,543,547",0.3%,"$577,786,879",99.7%,2018,tt6878882
172,173,Night at the Museum,"$574,480,841","$250,863,268",43.7%,"$323,617,573",56.3%,2006,tt0477347
173,174,Fifty Shades of Grey,"$569,651,467","$166,167,230",29.2%,"$403,484,237",70.8%,2015,tt2322441
174,175,Kong: Skull Island,"$566,652,812","$168,052,812",29.7%,"$398,600,000",70.3%,2017,tt3731562
175,176,The Smurfs,"$563,749,323","$142,614,158",25.3%,"$421,135,165",74.7%,2011,tt0472181
176,177,King Kong,"$562,363,449","$218,080,025",38.8%,"$344,283,424",61.2%,2005,tt0360717
177,178,Cars 2,"$559,852,396","$191,452,396",34.2%,"$368,400,000",65.8%,2011,tt1216475
178,179,Puss in Boots,"$554,987,477","$149,260,504",26.9%,"$405,726,973",73.1%,2011,tt0448694
179,180,The Mermaid,"$553,810,228","$3,232,685",0.6%,"$550,577,543",99.4%,2016,tt4701660
180,181,Armageddon,"$553,709,788","$201,578,182",36.4%,"$352,131,606",63.6%,1998,tt0120591
181,182,The Day After Tomorrow,"$552,639,571","$186,740,799",33.8%,"$365,898,772",66.2%,2004,tt0319262
182,183,Ted,"$549,368,315","$218,815,487",39.8%,"$330,552,828",60.2%,2012,tt1637725
183,184,Star Wars: Episode V - The Empire Strikes Back,"$547,897,454","$290,271,960",53%,"$257,625,494",47%,1980,tt0080684
184,185,American Sniper,"$547,426,372","$350,126,372",64%,"$197,300,000",36%,2014,tt2179136
185,186,Mission: Impossible II,"$546,388,108","$215,409,889",39.4%,"$330,978,219",60.6%,2000,tt0120755
186,187,Detective Chinatown 2,"$544,185,156","$1,983,984",0.4%,"$542,201,172",99.6%,2018,tt7752454
187,188,X-Men: Apocalypse,"$543,934,105","$155,442,489",28.6%,"$388,491,616",71.4%,2016,tt3385516
188,189,Sherlock Holmes: A Game of Shadows,"$543,848,418","$186,848,418",34.4%,"$357,000,000",65.6%,2011,tt1515091
189,190,Despicable Me,"$543,113,985","$251,513,985",46.3%,"$291,600,000",53.7%,2010,tt1323594
190,191,Cinderella,"$542,351,353","$201,151,353",37.1%,"$341,200,000",62.9%,2015,tt1661199
191,192,Madagascar,"$542,063,846","$193,595,521",35.7%,"$348,468,325",64.3%,2005,tt0351283
192,193,World War Z,"$540,007,876","$202,359,711",37.5%,"$337,648,165",62.5%,2013,tt0816711
193,194,Brave,"$538,983,207","$237,283,207",44%,"$301,700,000",56%,2012,tt1217209
194,195,The Simpsons Movie,"$536,414,270","$183,135,014",34.1%,"$353,279,256",65.9%,2007,tt0462538
195,196,The Revenant,"$532,950,503","$183,637,894",34.5%,"$349,312,609",65.5%,2015,tt1663202
196,197,The Meg,"$530,243,742","$145,443,742",27.4%,"$384,800,000",72.6%,2018,tt4779682
197,198,Ralph Breaks the Internet,"$529,323,962","$201,091,711",38%,"$328,232,251",62%,2018,tt5848272
198,199,Hotel Transylvania 3: Summer Vacation,"$528,583,774","$167,510,016",31.7%,"$361,073,758",68.3%,2018,tt5220122
199,200,The Boss Baby,"$527,965,936","$175,003,033",33.2%,"$352,962,903",66.8%,2017,tt3874544
200,201,Dunkirk,"$526,940,665","$189,740,665",36%,"$337,200,000",64%,2017,tt5013056
201,202,Godzilla,"$524,976,069","$200,676,069",38.2%,"$324,300,000",61.8%,2014,tt0831387
202,203,Sherlock Holmes,"$524,028,679","$209,028,679",39.9%,"$315,000,000",60.1%,2009,tt0988045
203,204,Meet the Fockers,"$522,657,936","$279,261,160",53.4%,"$243,396,776",46.6%,2004,tt0290002
204,205,How to Train Your Dragon: The Hidden World,"$521,799,505","$160,799,505",30.8%,"$361,000,000",69.2%,2019,tt2386490
205,206,WALL·E,"$521,311,860","$223,808,164",42.9%,"$297,503,696",57.1%,2008,tt0910970
206,207,Kung Fu Panda 3,"$521,170,825","$143,528,619",27.5%,"$377,642,206",72.5%,2016,tt2267968
207,208,Terminator 2: Judgment Day,"$520,884,847","$205,881,154",39.5%,"$315,003,693",60.5%,1991,tt0103064
208,209,Ant-Man,"$519,311,965","$180,202,163",34.7%,"$339,109,802",65.3%,2015,tt0478970
209,210,The Grinch,"$511,595,957","$270,620,950",52.9%,"$240,975,007",47.1%,2018,tt2709692
210,211,Ghost,"$505,869,714","$217,631,306",43%,"$288,238,408",57%,1990,tt0099653
211,212,Aladdin,"$504,050,219","$217,350,219",43.1%,"$286,700,000",56.9%,1992,tt0103639
212,213,Rio 2,"$498,781,117","$131,538,435",26.4%,"$367,242,682",73.6%,2014,tt2357291
213,214,Troy,"$497,409,852","$133,378,256",26.8%,"$364,031,596",73.2%,2004,tt0332452
214,215,Toy Story 2,"$497,374,776","$245,852,179",49.4%,"$251,522,597",50.6%,1999,tt0120363
215,216,How to Train Your Dragon,"$494,878,759","$217,581,231",44%,"$277,297,528",56%,2010,tt0892769
216,217,Twister,"$494,471,524","$241,721,524",48.9%,"$252,750,000",51.1%,1996,tt0117998
217,218,Oz the Great and Powerful,"$493,311,825","$234,911,825",47.6%,"$258,400,000",52.4%,2013,tt1623205
218,219,Clash of the Titans,"$493,214,993","$163,214,888",33.1%,"$330,000,105",66.9%,2010,tt0800320
219,220,Maleficent: Mistress of Evil,"$491,730,089","$113,929,605",23.2%,"$377,800,484",76.8%,2019,tt4777008
220,221,War for the Planet of the Apes,"$490,719,763","$146,880,162",29.9%,"$343,839,601",70.1%,2017,tt3450958
221,222,Mr. & Mrs. Smith,"$487,287,646","$186,336,279",38.2%,"$300,951,367",61.8%,2005,tt0356910
222,223,Angels & Demons,"$485,930,816","$133,375,846",27.4%,"$352,554,970",72.6%,2009,tt0808151
223,224,Teenage Mutant Ninja Turtles,"$485,004,754","$191,204,754",39.4%,"$293,800,000",60.6%,2014,tt1291150
224,225,Bruce Almighty,"$484,592,874","$242,829,261",50.1%,"$241,763,613",49.9%,2003,tt0315327
225,226,Shrek,"$484,409,218","$267,665,011",55.3%,"$216,744,207",44.7%,2001,tt0126029
226,227,Rio,"$483,866,518","$143,619,809",29.7%,"$340,246,709",70.3%,2011,tt1436562
227,228,Saving Private Ryan,"$482,349,603","$217,049,603",45%,"$265,300,000",55%,1998,tt0120815
228,229,Rise of the Planet of the Apes,"$481,800,873","$176,760,185",36.7%,"$305,040,688",63.3%,2011,tt1318514
229,230,Home Alone,"$477,063,114","$285,761,243",59.9%,"$191,301,871",40.1%,1990,tt0099785
230,231,Star Wars: Episode VI - Return of the Jedi,"$475,347,111","$309,306,177",65.1%,"$166,040,934",34.9%,1983,tt0086190
231,232,Charlie and the Chocolate Factory,"$474,968,763","$206,459,076",43.5%,"$268,509,687",56.5%,2005,tt0367594
232,233,Hotel Transylvania 2,"$474,800,000","$169,700,110",35.7%,"$305,099,890",64.3%,2015,tt2510894
233,234,Indiana Jones and the Last Crusade,"$474,310,887","$197,171,806",41.6%,"$277,139,081",58.4%,1989,tt0097576
234,235,San Andreas,"$473,990,832","$155,190,832",32.7%,"$318,800,000",67.3%,2015,tt2126355
235,236,It Chapter Two,"$473,093,228","$211,593,228",44.7%,"$261,500,000",55.3%,2019,tt7349950
236,237,Wreck-It Ralph,"$471,222,889","$189,422,889",40.2%,"$281,800,000",59.8%,2012,tt1772341
237,238,Jaws,"$471,203,004","$260,000,000",55.2%,"$211,203,004",44.8%,1975,tt0073195
238,239,The Hangover,"$469,310,836","$277,322,503",59.1%,"$191,988,333",40.9%,2009,tt1119646
239,240,The Lego Movie,"$468,060,692","$257,760,692",55.1%,"$210,300,000",44.9%,2014,tt1490017
240,241,Bumblebee,"$467,989,645","$127,195,589",27.2%,"$340,794,056",72.8%,2018,tt4701182
241,242,Star Trek Into Darkness,"$467,365,246","$228,778,661",49%,"$238,586,585",51%,2013,tt1408101
242,243,The Matrix,"$465,343,787","$171,479,930",36.8%,"$293,863,857",63.2%,1999,tt0133093
243,244,Pretty Woman,"$463,406,268","$178,406,268",38.5%,"$285,000,000",61.5%,1990,tt0100405
244,245,Cars,"$461,983,149","$244,082,982",52.8%,"$217,900,167",47.2%,2006,tt0317219
245,246,Gladiator,"$460,583,960","$187,705,427",40.8%,"$272,878,533",59.2%,2000,tt0172495
246,247,X-Men: The Last Stand,"$460,435,291","$234,362,462",50.9%,"$226,072,829",49.1%,2006,tt0376994
247,248,National Treasure: Book of Secrets,"$459,242,249","$219,964,115",47.9%,"$239,278,134",52.1%,2007,tt0465234
248,249,Lucy,"$458,863,600","$126,663,600",27.6%,"$332,200,000",72.4%,2014,tt2872732
249,250,Mission: Impossible,"$457,731,198","$180,981,856",39.5%,"$276,749,342",60.5%,1996,tt0117060
250,251,300,"$456,068,181","$210,614,939",46.2%,"$245,453,242",53.8%,2007,tt0416449
251,252,The Last Samurai,"$454,627,263","$111,127,263",24.4%,"$343,500,000",75.6%,2003,tt0325710
252,253,Dying to Survive,"$451,183,391","$6,752",-,"$451,176,639",100%,2018,tt7362036
253,254,Ocean's Eleven,"$450,717,150","$183,417,150",40.7%,"$267,300,000",59.3%,2001,tt0240772
254,255,"My People, My Country","$450,064,993","$2,356,683",0.5%,"$447,708,310",99.5%,2019,tt10147382
255,256,Thor,"$449,326,618","$181,030,624",40.3%,"$268,295,994",59.7%,2011,tt0800369
256,257,Pearl Harbor,"$449,220,945","$198,542,554",44.2%,"$250,678,391",55.8%,2001,tt0213149
257,258,Tarzan,"$448,191,819","$171,091,819",38.2%,"$277,100,000",61.8%,1999,tt0120855
258,259,La La Land,"$446,486,224","$151,101,803",33.8%,"$295,384,421",66.2%,2016,tt3783958
259,260,Men in Black II,"$445,135,288","$193,735,288",43.5%,"$251,400,000",56.5%,2002,tt0120912
260,261,The Bourne Ultimatum,"$444,100,035","$227,471,070",51.2%,"$216,628,965",48.8%,2007,tt0440963
261,262,The Mummy Returns,"$443,280,904","$202,019,785",45.6%,"$241,261,119",54.4%,2001,tt0209163
262,263,Alvin and the Chipmunks: The Squeakquel,"$443,140,005","$219,614,612",49.6%,"$223,525,393",50.4%,2009,tt1231580
263,264,Les Misérables,"$441,809,770","$148,809,770",33.7%,"$293,000,000",66.3%,2012,tt1707386
264,265,The Exorcist,"$441,306,145","$232,906,145",52.8%,"$208,400,000",47.2%,1973,tt0070047
265,266,Mrs. Doubtfire,"$441,286,195","$219,195,243",49.7%,"$222,090,952",50.3%,1993,tt0107614
266,267,Terminator Genisys,"$440,603,537","$89,760,956",20.4%,"$350,842,581",79.6%,2015,tt1340138
267,268,Beauty and the Beast,"$440,118,382","$218,967,620",49.8%,"$221,150,762",50.2%,1991,tt0101414
268,269,Warcraft,"$439,048,914","$47,365,290",10.8%,"$391,683,624",89.2%,2016,tt0803096
269,270,A Star Is Born,"$436,188,866","$215,288,866",49.4%,"$220,900,000",50.6%,2018,tt1517451
270,271,The Greatest Showman,"$434,993,183","$174,340,174",40.1%,"$260,653,009",59.9%,2017,tt1485796
271,272,Terminator 3: Rise of the Machines,"$433,371,112","$150,371,112",34.7%,"$283,000,000",65.3%,2003,tt0181852
272,273,Pokémon Detective Pikachu,"$433,005,346","$144,105,346",33.3%,"$288,900,000",66.7%,2019,tt5884052
273,274,Die Another Day,"$431,971,116","$160,942,139",37.3%,"$271,028,977",62.7%,2002,tt0246460
274,275,The Secret Life of Pets 2,"$430,051,293","$158,874,395",36.9%,"$271,176,898",63.1%,2019,tt5113040
275,276,Cast Away,"$429,632,142","$233,632,142",54.4%,"$196,000,000",45.6%,2000,tt0162222
276,277,Rampage,"$428,028,233","$101,028,233",23.6%,"$327,000,000",76.4%,2018,tt2231461
277,278,The King's Speech,"$427,374,317","$138,797,449",32.5%,"$288,576,868",67.5%,2010,tt1504320
278,279,The Matrix Revolutions,"$427,344,031","$139,313,948",32.6%,"$288,030,083",67.4%,2003,tt0242653
279,280,The Intouchables,"$426,588,510","$10,198,820",2.4%,"$416,389,690",97.6%,2011,tt1675434
280,281,Django Unchained,"$425,368,238","$162,805,434",38.3%,"$262,562,804",61.7%,2012,tt1853728
281,282,Dances with Wolves,"$424,208,848","$184,208,848",43.4%,"$240,000,000",56.6%,1990,tt0099348
282,283,The Chronicles of Narnia: Prince Caspian,"$419,665,568","$141,621,490",33.8%,"$278,044,078",66.2%,2008,tt0499448
283,284,Bad Boys for Life,"$419,074,646","$204,417,855",48.8%,"$214,656,791",51.2%,2020,tt1502397
284,285,Sex and the City,"$418,765,321","$152,647,258",36.4%,"$266,118,063",63.6%,2008,tt1000774
285,286,The Captain,"$416,953,262","$706,572",0.2%,"$416,246,690",99.8%,2019,tt10218664
286,287,The Mummy,"$415,933,406","$155,385,488",37.4%,"$260,547,918",62.6%,1999,tt0120616
287,288,The Chronicles of Narnia: The Voyage of the Dawn Treader,"$415,686,217","$104,386,950",25.1%,"$311,299,267",74.9%,2010,tt0980970
288,289,Jason Bourne,"$415,484,914","$162,434,410",39.1%,"$253,050,504",60.9%,2016,tt4196776
289,290,The Wolverine,"$414,828,246","$132,556,852",32%,"$282,271,394",68%,2013,tt1430132
290,291,Kingsman: The Secret Service,"$414,351,546","$128,261,724",31%,"$286,089,822",69%,2015,tt2802144
291,292,Night at the Museum: Battle of the Smithsonian,"$413,106,170","$177,243,721",42.9%,"$235,862,449",57.1%,2009,tt1078912
292,293,Batman,"$411,556,825","$251,348,343",61.1%,"$160,208,482",38.9%,1989,tt0096895
293,294,The Bodyguard,"$411,006,740","$122,006,740",29.7%,"$289,000,000",70.3%,1992,tt0103855
294,295,Pacific Rim,"$411,002,906","$101,802,906",24.8%,"$309,200,000",75.2%,2013,tt1663662
295,296,Kingsman: The Golden Circle,"$410,902,662","$100,234,838",24.4%,"$310,667,824",75.6%,2017,tt4649466
296,297,The Mummy,"$409,231,607","$80,227,895",19.6%,"$329,003,712",80.4%,2017,tt2345759
297,298,Ice Age: Collision Course,"$408,579,038","$64,063,008",15.7%,"$344,516,030",84.3%,2016,tt3416828
298,299,Twilight,"$408,424,673","$193,962,473",47.5%,"$214,462,200",52.5%,2008,tt1099212
299,300,Signs,"$408,247,917","$227,966,634",55.8%,"$180,281,283",44.2%,2002,tt0286106
300,301,X2: X-Men United,"$407,711,549","$214,949,694",52.7%,"$192,761,855",47.3%,2003,tt0290334
301,302,Alita: Battle Angel,"$404,852,543","$85,710,210",21.2%,"$319,142,333",78.8%,2019,tt0437086
302,303,Toy Story,"$404,265,438","$222,498,679",55%,"$181,766,759",45%,1995,tt0114709
303,304,The Mummy: Tomb of the Dragon Emperor,"$403,449,830","$102,491,776",25.4%,"$300,958,054",74.6%,2008,tt0859163
304,305,Prometheus,"$403,354,469","$126,477,084",31.4%,"$276,877,385",68.6%,2012,tt1446714
305,306,Gone with the Wind,"$402,352,579","$200,852,579",49.9%,"$201,500,000",50.1%,1939,tt0031381
306,307,TRON: Legacy,"$400,062,763","$172,062,763",43%,"$228,000,000",57%,2010,tt1104001
307,308,Mission: Impossible III,"$398,479,497","$134,029,801",33.6%,"$264,449,696",66.4%,2005,tt0317919
308,309,Grease,"$396,961,563","$189,969,103",47.9%,"$206,992,460",52.1%,1978,tt0077631
309,310,Snow White and the Huntsman,"$396,592,829","$155,332,381",39.2%,"$241,260,448",60.8%,2012,tt1735898
310,311,Mamma Mia! Here We Go Again,"$395,044,706","$120,634,935",30.5%,"$274,409,771",69.5%,2018,tt6911608
311,312,Solo: A Star Wars Story,"$392,924,807","$213,767,512",54.4%,"$179,157,295",45.6%,2018,tt3778644
312,313,The Wolf of Wall Street,"$392,000,694","$116,900,694",29.8%,"$275,100,000",70.2%,2013,tt0993846
313,314,Superman Returns,"$391,081,192","$200,081,192",51.2%,"$191,000,000",48.8%,2006,tt0348150
314,315,Robin Hood: Prince of Thieves,"$390,493,908","$165,493,908",42.4%,"$225,000,000",57.6%,1991,tt0102798
315,316,Indiana Jones and the Raiders of the Lost Ark,"$390,133,212","$248,159,971",63.6%,"$141,973,241",36.4%,1981,tt0082971
316,317,Independence Day: Resurgence,"$389,681,935","$103,144,286",26.5%,"$286,537,649",73.5%,2016,tt1628841
317,318,Back to the Future,"$388,355,305","$211,159,762",54.4%,"$177,195,543",45.6%,1985,tt0088763
318,319,Live Free or Die Hard,"$388,156,011","$134,529,403",34.7%,"$253,626,608",65.3%,2007,tt0337978
319,320,Monster Hunt,"$387,053,506","$32,766",<0.1%,"$387,020,740",100%,2015,tt3781476
320,321,Godzilla: King of the Monsters,"$386,600,138","$110,500,138",28.6%,"$276,100,000",71.4%,2019,tt3741700
321,322,Home,"$386,041,607","$177,397,510",46%,"$208,644,097",54%,2015,tt2224026
322,323,Star Trek,"$385,680,446","$257,730,019",66.8%,"$127,950,427",33.2%,2009,tt0796366
323,324,Happy Feet,"$384,335,608","$198,000,317",51.5%,"$186,335,291",48.5%,2006,tt0366548
324,325,Cars 3,"$383,930,656","$152,901,115",39.8%,"$231,029,541",60.2%,2017,tt3606752
325,326,Ice Age,"$383,257,136","$176,387,405",46%,"$206,869,731",54%,2002,tt0268380
326,327,Fifty Shades Darker,"$381,545,846","$114,581,250",30%,"$266,964,596",70%,2017,tt4465564
327,328,Monsters vs. Aliens,"$381,509,870","$198,351,526",52%,"$183,158,344",48%,2009,tt0892782
328,329,Godzilla,"$379,014,294","$136,314,294",36%,"$242,700,000",64%,1998,tt0120685
329,330,True Lies,"$378,882,411","$146,282,411",38.6%,"$232,600,000",61.4%,1994,tt0111503
330,331,Slumdog Millionaire,"$378,021,385","$141,319,928",37.4%,"$236,701,457",62.6%,2008,tt1010048
331,332,Taken 2,"$376,141,306","$139,854,287",37.2%,"$236,287,019",62.8%,2012,tt1397280
332,333,G.I. Joe: Retaliation,"$375,740,705","$122,523,060",32.6%,"$253,217,645",67.4%,2013,tt1583421
333,334,Spider-Man: Into the Spider-Verse,"$375,540,831","$190,241,310",50.7%,"$185,299,521",49.3%,2018,tt4633694
334,335,Mad Max: Fury Road,"$375,209,362","$154,058,340",41.1%,"$221,151,022",58.9%,2015,tt1392190
335,336,Shark Tale,"$374,583,879","$160,861,908",42.9%,"$213,721,971",57.1%,2004,tt0307453
336,337,Once Upon a Time... in Hollywood,"$374,343,626","$142,502,728",38.1%,"$231,840,898",61.9%,2019,tt7131622
337,338,What Women Want,"$374,111,707","$182,811,707",48.9%,"$191,300,000",51.1%,2000,tt0207201
338,339,The Adventures of Tintin,"$373,993,951","$77,591,831",20.8%,"$296,402,120",79.2%,2011,tt0983193
339,340,Penguins of Madagascar,"$373,515,621","$83,850,911",22.4%,"$289,664,710",77.6%,2014,tt1911658
340,341,Batman Begins,"$373,413,297","$206,852,432",55.4%,"$166,560,865",44.6%,2005,tt0372784
341,342,X-Men Origins: Wolverine,"$373,062,864","$179,883,157",48.2%,"$193,179,707",51.8%,2009,tt0458525
342,343,The Golden Compass,"$372,234,864","$70,107,728",18.8%,"$302,127,136",81.2%,2007,tt0385752
343,344,Fifty Shades Freed,"$371,985,018","$100,407,760",27%,"$271,577,258",73%,2018,tt4477536
344,345,Hitch,"$371,594,210","$179,495,555",48.3%,"$192,098,655",51.7%,2005,tt0386588
345,346,Terminator Salvation,"$371,353,001","$125,322,469",33.8%,"$246,030,532",66.2%,2009,tt0438488
346,347,Captain America: The First Avenger,"$370,569,774","$176,654,505",47.7%,"$193,915,269",52.3%,2011,tt0458339
347,348,Edge of Tomorrow,"$370,541,256","$100,206,256",27%,"$270,335,000",73%,2014,tt1631867
348,349,There's Something About Mary,"$369,884,651","$176,484,651",47.7%,"$193,400,000",52.3%,1998,tt0129387
349,350,Gone Girl,"$369,330,363","$167,767,189",45.4%,"$201,563,174",54.6%,2014,tt2267998
350,351,The Fugitive,"$368,875,760","$183,875,760",49.8%,"$185,000,000",50.2%,1993,tt0106977
351,352,Jurassic Park III,"$368,780,809","$181,171,875",49.1%,"$187,608,934",50.9%,2001,tt0163025
352,353,My Big Fat Greek Wedding,"$368,744,044","$241,438,208",65.5%,"$127,305,836",34.5%,2002,tt0259446
353,354,1917,"$368,027,644","$159,227,644",43.3%,"$208,800,000",56.7%,2019,tt8579674
354,356,Die Hard with a Vengeance,"$366,236,538","$100,012,499",27.3%,"$266,224,039",72.7%,1995,tt0112864
355,357,Shazam!,"$365,971,656","$140,371,656",38.4%,"$225,600,000",61.6%,2019,tt0448115
356,358,The Nun,"$365,550,119","$117,450,119",32.1%,"$248,100,000",67.9%,2018,tt5814060
357,359,Alvin and the Chipmunks,"$365,352,546","$217,326,974",59.5%,"$148,025,572",40.5%,2007,tt0952640
358,360,Home Alone 2: Lost in New York,"$365,154,932","$173,585,516",47.5%,"$191,569,416",52.5%,1992,tt0104431
359,361,Notting Hill,"$363,944,522","$116,089,678",31.9%,"$247,854,844",68.1%,1999,tt0125439
360,362,A Bug's Life,"$363,258,859","$162,798,565",44.8%,"$200,460,294",55.2%,1998,tt0120623
361,363,Night at the Museum: Secret of the Tomb,"$363,204,635","$113,746,621",31.3%,"$249,458,014",68.7%,2014,tt2692250
362,364,Ocean's Twelve,"$362,744,280","$125,544,280",34.6%,"$237,200,000",65.4%,2004,tt0349903
363,365,Planet of the Apes,"$362,211,740","$180,011,740",49.7%,"$182,200,000",50.3%,2001,tt0133152
364,366,The Hangover Part III,"$362,000,072","$112,200,072",31%,"$249,800,000",69%,2013,tt1951261
365,367,The World Is Not Enough,"$361,832,400","$126,943,684",35.1%,"$234,888,716",64.9%,1999,tt0143145
366,368,Monster Hunt 2,"$361,682,618","$706,153",0.2%,"$360,976,465",99.8%,2018,tt6170484
367,369,Fast & Furious,"$360,364,265","$155,064,265",43%,"$205,300,000",57%,2009,tt1013752
368,370,Noah,"$359,200,044","$101,200,044",28.2%,"$258,000,000",71.8%,2014,tt1959490
369,371,The Karate Kid,"$359,126,022","$176,591,618",49.2%,"$182,534,404",50.8%,2010,tt1155076
370,372,Your Name.,"$358,922,706","$5,017,246",1.4%,"$353,905,460",98.6%,2016,tt5311514
371,373,Hotel Transylvania,"$358,375,603","$148,313,048",41.4%,"$210,062,555",58.6%,2011,tt0837562
372,374,Minority Report,"$358,372,926","$132,072,926",36.8%,"$226,300,000",63.2%,2002,tt0181689
373,375,Top Gun,"$356,830,601","$179,800,601",50.4%,"$177,030,000",49.6%,1986,tt0092099
374,376,The Legend of Tarzan,"$356,700,357","$126,643,061",35.5%,"$230,057,296",64.5%,2016,tt0918940
375,377,American Beauty,"$356,296,601","$130,096,601",36.5%,"$226,200,000",63.5%,1999,tt0169547
376,378,Apollo 13,"$355,237,933","$173,837,933",48.9%,"$181,400,000",51.1%,1995,tt0112384
377,379,Rain Man,"$354,825,435","$172,825,435",48.7%,"$182,000,000",51.3%,1988,tt0095953
378,380,The Great Gatsby,"$353,641,895","$144,840,419",41%,"$208,801,476",59%,2013,tt1343092
379,381,Dumbo,"$353,284,621","$114,766,307",32.5%,"$238,518,314",67.5%,2019,tt3861390
380,382,"I, Robot","$353,133,898","$144,801,023",41%,"$208,332,875",59%,2004,tt0343818
381,383,Basic Instinct,"$352,927,224","$117,727,224",33.4%,"$235,200,000",66.6%,1992,tt0103772
382,384,Murder on the Orient Express,"$352,789,811","$102,826,543",29.2%,"$249,963,268",70.8%,2017,tt3402236
383,385,X-Men: First Class,"$352,616,690","$146,408,305",41.5%,"$206,208,385",58.5%,2011,tt1270798
384,386,The Angry Birds Movie,"$352,333,929","$107,509,366",30.5%,"$244,824,563",69.5%,2016,tt1985949
385,387,GoldenEye,"$352,194,034","$106,429,941",30.2%,"$245,764,093",69.8%,1995,tt0113189
386,388,Catch Me If You Can,"$352,114,312","$164,615,351",46.8%,"$187,498,961",53.2%,2002,tt0264464
387,389,Now You See Me,"$351,723,989","$117,723,989",33.5%,"$234,000,000",66.5%,2013,tt1670345
388,390,Hannibal,"$351,692,268","$165,092,268",46.9%,"$186,600,000",53.1%,2001,tt0212985
389,391,The Mask,"$351,583,407","$119,938,730",34.1%,"$231,644,677",65.9%,1994,tt0110475
390,392,Peter Rabbit,"$351,266,433","$115,253,424",32.8%,"$236,013,009",67.2%,2018,tt5117670
391,393,Speed,"$350,448,145","$121,248,145",34.6%,"$229,200,000",65.4%,1994,tt0111257
392,394,Dinosaur,"$349,822,765","$137,748,063",39.4%,"$212,074,702",60.6%,2000,tt0130623
393,395,Mary Poppins Returns,"$349,537,494","$171,958,438",49.2%,"$177,579,056",50.8%,2018,tt5028340
394,396,Deep Impact,"$349,464,664","$140,464,664",40.2%,"$209,000,000",59.8%,1998,tt0120647
395,397,The Lorax,"$348,840,316","$214,030,500",61.4%,"$134,809,816",38.6%,2012,tt1482459
396,398,The Maze Runner,"$348,319,861","$102,427,862",29.4%,"$245,891,999",70.6%,2014,tt1790864
397,399,Spirited Away,"$347,742,810","$13,750,644",4%,"$333,992,166",96%,2001,tt0245429
398,400,The Smurfs 2,"$347,545,360","$71,017,784",20.4%,"$276,527,576",79.6%,2013,tt2017020
399,401,National Treasure,"$347,512,318","$173,008,894",49.8%,"$174,503,424",50.2%,2004,tt0368891
400,402,Rush Hour 2,"$347,325,802","$226,164,286",65.1%,"$121,161,516",34.9%,2001,tt0266915
401,403,Trolls,"$346,864,462","$153,707,064",44.3%,"$193,157,398",55.7%,2016,tt1679335
402,404,xXx: Return of Xander Cage,"$346,118,277","$44,898,413",13%,"$301,219,864",87%,2017,tt1293847
403,405,Pocahontas,"$346,079,773","$141,579,773",40.9%,"$204,500,000",59.1%,1995,tt0114148
404,406,How the Grinch Stole Christmas,"$345,141,403","$260,044,825",75.3%,"$85,096,578",24.7%,2000,tt0170016
405,407,Star Trek Beyond,"$343,471,816","$158,848,340",46.2%,"$184,623,476",53.8%,2016,tt2660888
406,408,Alvin and the Chipmunks: Chipwrecked,"$342,695,435","$133,110,742",38.8%,"$209,584,693",61.2%,2011,tt1615918
407,409,Wanted,"$342,463,063","$134,508,551",39.3%,"$207,954,512",60.7%,2008,tt0493464
408,410,The Flintstones,"$341,631,208","$130,531,208",38.2%,"$211,100,000",61.8%,1994,tt0109813
409,411,A Quiet Place,"$340,939,361","$188,024,361",55.2%,"$152,915,000",44.8%,2018,tt6644200
410,412,Enchanted,"$340,487,652","$127,807,262",37.5%,"$212,680,390",62.5%,2007,tt0461770
411,413,Over the Hedge,"$339,795,890","$155,019,340",45.6%,"$184,776,550",54.4%,2006,tt0327084
412,414,300: Rise of an Empire,"$337,580,051","$106,580,051",31.6%,"$231,000,000",68.4%,2014,tt1253863
413,415,Batman Forever,"$336,567,531","$184,069,126",54.7%,"$152,498,405",45.3%,1995,tt0112462
414,416,Prince of Persia: The Sands of Time,"$336,365,676","$90,759,676",27%,"$245,606,000",73%,2009,tt0473075
415,417,Back to the Future Part II,"$335,949,377","$119,000,002",35.4%,"$216,949,375",64.6%,1989,tt0096874
416,418,The Curious Case of Benjamin Button,"$335,802,786","$127,509,326",38%,"$208,293,460",62%,2008,tt0421715
417,419,Journey 2: The Mysterious Island,"$335,260,290","$103,860,290",31%,"$231,400,000",69%,2012,tt1397514
418,420,The Rock,"$335,062,621","$134,069,511",40%,"$200,993,110",60%,1996,tt0117500
419,421,The Great Wall,"$334,933,831","$45,540,830",13.6%,"$289,393,001",86.4%,2016,tt2034800
420,422,Now You See Me 2,"$334,897,606","$65,075,540",19.4%,"$269,822,066",80.6%,2016,tt3110958
421,424,Fantastic Four,"$333,535,934","$154,696,080",46.4%,"$178,839,854",53.6%,2005,tt0120667
422,425,Indiana Jones and the Temple of Doom,"$333,107,271","$179,870,271",54%,"$153,237,000",46%,1984,tt0087469
423,426,Tomorrow Never Dies,"$333,011,068","$125,304,276",37.6%,"$207,706,792",62.4%,1997,tt0120347
424,427,The Good Dinosaur,"$332,207,671","$123,087,120",37%,"$209,120,551",63%,2015,tt1979388
425,428,22 Jump Street,"$331,333,876","$191,719,337",57.9%,"$139,614,539",42.1%,2014,tt2294449
426,429,Meet the Parents,"$330,444,045","$166,244,045",50.3%,"$164,200,000",49.7%,2000,tt0212338
427,430,Who Framed Roger Rabbit,"$329,803,958","$156,452,370",47.4%,"$173,351,588",52.6%,1988,tt0096438
428,431,Black Swan,"$329,398,046","$106,954,678",32.5%,"$222,443,368",67.5%,2010,tt0947798
429,432,The Perfect Storm,"$328,718,434","$182,618,434",55.6%,"$146,100,000",44.4%,2000,tt0177971
430,433,Crocodile Dundee,"$328,203,506","$174,803,506",53.3%,"$153,400,000",46.7%,1986,tt0090555
431,434,Green Book,"$327,909,440","$85,080,171",26%,"$242,829,269",74%,2018,tt6966692
432,435,The Devil Wears Prada,"$327,893,740","$124,740,460",38%,"$203,153,280",62%,2006,tt0458352
433,437,Se7en,"$327,333,559","$100,125,643",30.6%,"$227,207,916",69.4%,1995,tt0114369
434,438,John Wick: Chapter 3 - Parabellum,"$326,709,727","$171,015,687",52.3%,"$155,694,040",47.7%,2019,tt6146586
435,439,Taken 3,"$326,479,141","$89,256,424",27.3%,"$237,222,717",72.7%,2015,tt2446042
436,440,The Hunchback of Notre Dame,"$325,338,851","$100,138,851",30.8%,"$225,200,000",69.2%,1996,tt0116583
437,441,A Christmas Carol,"$325,286,646","$137,855,863",42.4%,"$187,430,783",57.6%,2009,tt1067106
438,442,The SpongeBob Movie: Sponge Out of Water,"$325,186,032","$162,994,032",50.1%,"$162,192,000",49.9%,2015,tt2279373
439,443,Schindler's List,"$322,287,794","$96,898,818",30.1%,"$225,388,976",69.9%,1993,tt0108052
440,444,Megamind,"$321,885,765","$148,415,853",46.1%,"$173,469,912",53.9%,2010,tt1001526
441,445,Lethal Weapon 3,"$321,731,527","$144,731,527",45%,"$177,000,000",55%,1992,tt0104714
442,446,The Ugly Truth,"$321,682,600","$88,915,214",27.6%,"$232,767,386",72.4%,2009,tt1142988
443,447,Robin Hood,"$321,669,741","$105,269,730",32.7%,"$216,400,011",67.3%,2010,tt0955308
444,448,Inglourious Basterds,"$321,455,689","$120,540,719",37.5%,"$200,914,970",62.5%,2009,tt0361748
445,449,101 Dalmatians,"$320,689,294","$136,189,294",42.5%,"$184,500,000",57.5%,1996,tt0115433
446,450,The Conjuring 2,"$320,392,818","$102,470,008",32%,"$217,922,810",68%,2016,tt3065204
447,451,Fatal Attraction,"$320,145,693","$156,645,693",48.9%,"$163,500,000",51.1%,1987,tt0093010
448,452,The Last Airbender,"$319,713,881","$131,772,187",41.2%,"$187,941,694",58.8%,2010,tt0938283
449,453,The Conjuring,"$319,494,638","$137,400,141",43%,"$182,094,497",57%,2013,tt1457767
450,454,The Proposal,"$317,375,031","$163,958,031",51.7%,"$153,417,000",48.3%,2009,tt1041829
451,455,A Beautiful Mind,"$316,791,257","$170,742,341",53.9%,"$146,048,916",46.1%,2001,tt0268978
452,456,Beverly Hills Cop,"$316,360,478","$234,760,478",74.2%,"$81,600,000",25.8%,1984,tt0086960
453,457,Air Force One,"$315,156,409","$172,956,409",54.9%,"$142,200,000",45.1%,1997,tt0118571
454,458,The Expendables 2,"$314,975,955","$85,028,192",27%,"$229,947,763",73%,2012,tt1764651
455,459,Chicken Little,"$314,432,837","$135,386,665",43.1%,"$179,046,172",56.9%,2005,tt0371606
456,460,As Good as It Gets,"$314,178,011","$148,478,011",47.3%,"$165,700,000",52.7%,1997,tt0119822
457,461,The Polar Express,"$313,500,433","$187,224,490",59.7%,"$126,275,943",40.3%,2004,tt0338348
458,462,Maze Runner: The Scorch Trials,"$312,296,056","$81,697,192",26.2%,"$230,598,864",73.8%,2015,tt4046784
459,463,Resident Evil: The Final Chapter,"$312,242,626","$26,830,068",8.6%,"$285,412,558",91.4%,2016,tt2592614
460,464,Austin Powers: The Spy Who Shagged Me,"$312,016,928","$206,040,086",66%,"$105,976,842",34%,1999,tt0145660
461,465,The Lego Batman Movie,"$311,950,384","$175,750,384",56.3%,"$136,200,000",43.7%,2017,tt4116284
462,466,Ocean's Thirteen,"$311,312,624","$117,154,724",37.6%,"$194,157,900",62.4%,2007,tt0496806
463,467,Little Fockers,"$310,650,585","$148,438,600",47.8%,"$162,211,985",52.2%,2010,tt0970866
464,468,Bolt,"$309,979,994","$114,053,579",36.8%,"$195,926,415",63.2%,2008,tt0397892
465,469,Ransom,"$309,492,681","$136,492,681",44.1%,"$173,000,000",55.9%,1996,tt0117438
466,470,Runaway Bride,"$309,460,292","$152,257,509",49.2%,"$157,202,783",50.8%,1999,tt0163187
467,471,Knives Out,"$309,232,797","$165,363,234",53.5%,"$143,869,563",46.5%,2019,tt8946378
468,472,The Blind Side,"$309,208,309","$255,959,475",82.8%,"$53,248,834",17.2%,2009,tt0878804
469,473,The Ex-File 3: The Return of The Exes,"$307,592,427","$838,959",0.3%,"$306,753,468",99.7%,2017,tt7830888
470,474,The Fault in Our Stars,"$307,166,834","$124,872,350",40.6%,"$182,294,484",59.4%,2014,tt2582846
471,475,The Pursuit of Happyness,"$307,127,625","$163,566,459",53.3%,"$143,561,166",46.7%,2006,tt0454921
472,476,Rise of the Guardians,"$306,941,670","$103,412,758",33.7%,"$203,528,912",66.3%,2012,tt1446192
473,477,Close Encounters of the Third Kind,"$306,898,466","$135,189,114",44%,"$171,709,352",56%,1977,tt0075860
474,478,Chicago,"$306,776,732","$170,687,518",55.6%,"$136,089,214",44.4%,2002,tt0299658
475,479,Sonic the Hedgehog,"$306,766,470","$146,066,470",47.6%,"$160,700,000",52.4%,2020,tt3794354
476,480,Annabelle: Creation,"$306,515,884","$102,092,201",33.3%,"$204,423,683",66.7%,2017,tt5140878
477,481,Wonder,"$305,937,718","$132,422,809",43.3%,"$173,514,909",56.7%,2017,tt2543472
478,482,Skyscraper,"$304,868,961","$68,420,120",22.4%,"$236,448,841",77.6%,2018,tt5758778
479,483,A Good Day to Die Hard,"$304,654,182","$67,349,198",22.1%,"$237,304,984",77.9%,2013,tt1606378
480,484,Mulan,"$304,320,254","$120,620,254",39.6%,"$183,700,000",60.4%,1998,tt0120762
481,485,Dangal,"$303,723,636","$12,391,761",4.1%,"$291,331,875",95.9%,2016,tt5074352
482,486,Passengers,"$303,144,152","$100,014,699",33%,"$203,129,453",67%,2016,tt1355644
483,487,Battleship,"$303,025,485","$65,422,625",21.6%,"$237,602,860",78.4%,2012,tt1440129
484,488,Liar Liar,"$302,710,615","$181,410,615",59.9%,"$121,300,000",40.1%,1997,tt0119528
485,489,G.I. Joe: The Rise of Cobra,"$302,469,017","$150,201,498",49.7%,"$152,267,519",50.3%,2009,tt1046173
486,490,Wrath of the Titans,"$301,970,083","$83,670,083",27.7%,"$218,300,000",72.3%,2012,tt1646987
487,491,Fantastic 4: Rise of the Silver Surfer,"$301,913,131","$131,921,738",43.7%,"$169,991,393",56.3%,2007,tt0486576
488,492,Hook,"$300,854,823","$119,654,823",39.8%,"$181,200,000",60.2%,1991,tt0102057
489,493,Rocky IV,"$300,473,716","$127,873,716",42.6%,"$172,600,000",57.4%,1985,tt0089927
490,494,Superman,"$300,451,603","$134,451,603",44.8%,"$166,000,000",55.2%,1978,tt0078346
491,495,Rambo: First Blood Part II,"$300,400,432","$150,415,432",50.1%,"$149,985,000",49.9%,1985,tt0089880
492,496,Resident Evil: Afterlife,"$300,228,084","$60,128,566",20%,"$240,099,518",80%,2010,tt1220634
493,497,Van Helsing,"$300,157,638","$120,177,084",40%,"$179,980,554",60%,2004,tt0338526
494,498,Stuart Little,"$300,135,367","$140,035,367",46.7%,"$160,100,000",53.3%,1999,tt0164912
495,499,Beverly Hills Cop II,"$299,965,036","$153,665,036",51.2%,"$146,300,000",48.8%,1987,tt0092644
496,500,Alice Through the Looking Glass,"$299,457,024","$77,041,381",25.7%,"$222,415,643",74.3%,2016,tt2567026
497,501,My Best Friend's Wedding,"$299,288,605","$127,120,029",42.5%,"$172,168,576",57.5%,1997,tt0119738
498,502,Real Steel,"$299,268,508","$85,468,508",28.6%,"$213,800,000",71.4%,2011,tt0433035
499,503,Horton Hears a Who!,"$298,572,799","$154,529,439",51.8%,"$144,043,360",48.2%,2008,tt0451079
500,504,Ocean's 8,"$297,718,711","$140,218,711",47.1%,"$157,500,000",52.9%,2018,tt5164214
501,505,Insurgent,"$297,002,527","$130,179,072",43.8%,"$166,823,455",56.2%,2015,tt2908446
502,506,Look Who's Talking,"$296,999,813","$140,088,813",47.2%,"$156,911,000",52.8%,1989,tt0097778
503,507,Austin Powers in Goldmember,"$296,938,801","$213,307,889",71.8%,"$83,630,912",28.2%,2002,tt0295178
504,508,Miss Peregrine's Home for Peculiar Children,"$296,482,446","$87,242,834",29.4%,"$209,239,612",70.6%,2016,tt1935859
505,509,X-Men,"$296,339,528","$157,299,718",53.1%,"$139,039,810",46.9%,2000,tt0120903
506,510,Ferdinand,"$296,069,199","$84,410,380",28.5%,"$211,658,819",71.5%,2017,tt3411444
507,511,Ghostbusters,"$295,743,767","$242,582,079",82%,"$53,161,688",18%,1984,tt0087332
508,512,Shutter Island,"$294,804,195","$128,012,934",43.4%,"$166,791,261",56.6%,2010,tt1130884
509,513,Doctor Dolittle,"$294,456,605","$144,156,605",49%,"$150,300,000",51%,1998,tt0118998
510,514,Bee Movie,"$293,514,336","$126,631,277",43.1%,"$166,883,059",56.9%,2007,tt0389790
511,515,Salt,"$293,503,354","$118,311,368",40.3%,"$175,191,986",59.7%,2010,tt0944835
512,516,G-Force,"$292,817,841","$119,436,770",40.8%,"$173,381,071",59.2%,2009,tt0436339
513,517,The Departed,"$291,465,034","$132,384,315",45.4%,"$159,080,719",54.6%,2006,tt0407887
514,518,What Lies Beneath,"$291,420,351","$155,464,351",53.4%,"$135,956,000",46.6%,2000,tt0161081
515,519,Pacific Rim: Uprising,"$290,930,148","$59,874,525",20.6%,"$231,055,623",79.4%,2018,tt2557478
516,520,The Bourne Supremacy,"$290,835,269","$176,241,941",60.6%,"$114,593,328",39.4%,2004,tt0372183
517,521,Sex and the City 2,"$290,745,055","$95,347,692",32.8%,"$195,397,363",67.2%,2010,tt1261945
518,522,Shakespeare in Love,"$289,317,794","$100,317,794",34.7%,"$189,000,000",65.3%,1998,tt0138097
519,523,Divergent,"$288,885,818","$150,947,895",52.2%,"$137,937,923",47.8%,2014,tt1840309
520,524,Coming to America,"$288,752,301","$128,152,301",44.4%,"$160,600,000",55.6%,1988,tt0094898
521,525,Wedding Crashers,"$288,467,645","$209,255,921",72.5%,"$79,211,724",27.5%,2005,tt0396269
522,526,Bridesmaids,"$288,383,523","$169,106,725",58.6%,"$119,276,798",41.4%,2011,tt1478338
523,527,Maze Runner: The Death Cure,"$288,175,335","$58,032,443",20.1%,"$230,142,892",79.9%,2018,tt4500922
524,528,Casper,"$287,928,194","$100,328,194",34.8%,"$187,600,000",65.2%,1995,tt0112642
525,529,American Pie 2,"$287,553,595","$145,103,595",50.5%,"$142,450,000",49.5%,2001,tt0252866
526,530,Pitch Perfect 2,"$287,144,079","$184,296,230",64.2%,"$102,847,849",35.8%,2015,tt2848292
527,531,The Green Mile,"$286,801,374","$136,801,374",47.7%,"$150,000,000",52.3%,1999,tt0120689
528,532,Oblivion,"$286,168,572","$89,107,235",31.1%,"$197,061,337",68.9%,2013,tt1483013
529,533,Elysium,"$286,140,700","$93,050,117",32.5%,"$193,090,583",67.5%,2013,tt1535108
530,534,Lethal Weapon 4,"$285,444,603","$130,444,603",45.7%,"$155,000,000",54.3%,1998,tt0122151
531,535,John Carter,"$284,139,100","$73,078,100",25.7%,"$211,061,000",74.3%,2012,tt0401729
532,536,Paddington,"$282,839,394","$76,271,832",27%,"$206,567,562",73%,2014,tt1109624
533,537,Turbo,"$282,570,682","$83,028,128",29.4%,"$199,542,554",70.6%,2013,tt1860353
534,538,Bridget Jones's Diary,"$281,929,795","$71,543,427",25.4%,"$210,386,368",74.6%,2001,tt0243155
535,539,The Tourist,"$278,780,441","$67,631,157",24.3%,"$211,149,284",75.7%,2010,tt1243957
536,540,Split,"$278,454,358","$138,291,365",49.7%,"$140,162,993",50.3%,2017,tt4972582
537,541,Scary Movie,"$278,019,771","$157,019,771",56.5%,"$121,000,000",43.5%,2000,tt0175142
538,542,xXx,"$277,448,382","$142,109,382",51.2%,"$135,339,000",48.8%,2002,tt0295701
539,543,The Bourne Legacy,"$276,144,750","$113,203,870",41%,"$162,940,880",59%,2012,tt1194173
540,544,Mr. Peabody & Sherman,"$275,698,039","$111,506,430",40.4%,"$164,191,609",59.6%,2014,tt0864835
541,545,Scooby-Doo,"$275,650,703","$153,294,164",55.6%,"$122,356,539",44.4%,2002,tt0267913
542,546,Lincoln,"$275,293,450","$182,207,973",66.2%,"$93,085,477",33.8%,2012,tt0443272
543,547,Lara Croft: Tomb Raider,"$274,703,340","$131,168,070",47.8%,"$143,535,270",52.2%,2001,tt0146316
544,548,Tomb Raider,"$274,650,803","$58,250,803",21.2%,"$216,400,000",78.8%,2018,tt1365519
545,549,The Expendables,"$274,470,394","$103,068,524",37.6%,"$171,401,870",62.4%,2010,tt1320253
546,550,Cloudy with a Chance of Meatballs 2,"$274,325,949","$119,793,567",43.7%,"$154,532,382",56.3%,2013,tt1985966
547,551,The Little Mermaid,"$274,176,364","$111,543,479",40.7%,"$162,632,885",59.3%,1989,tt0097757
548,552,The Nutty Professor,"$273,961,019","$128,814,019",47%,"$145,147,000",53%,1996,tt0117218
549,553,Jerry Maguire,"$273,552,592","$153,952,592",56.3%,"$119,600,000",43.7%,1996,tt0116695
550,554,Bad Boys II,"$273,339,556","$138,608,444",50.7%,"$134,731,112",49.3%,2003,tt0172156
551,555,Lilo & Stitch,"$273,144,151","$145,794,338",53.4%,"$127,349,813",46.6%,2002,tt0275847
552,556,The Silence of the Lambs,"$272,753,884","$130,742,922",47.9%,"$142,010,962",52.1%,1991,tt0102926
553,557,Grown Ups,"$271,430,189","$162,001,186",59.7%,"$109,429,003",40.3%,2010,tt1375670
554,558,Neighbors,"$270,665,134","$150,157,400",55.5%,"$120,507,734",44.5%,2014,tt2004420
555,559,The Firm,"$270,248,367","$158,348,367",58.6%,"$111,900,000",41.4%,1993,tt0106918
556,560,We're the Millers,"$269,994,119","$150,394,119",55.7%,"$119,600,000",44.3%,2012,tt1723121
557,561,Gran Torino,"$269,958,228","$148,095,302",54.9%,"$121,862,926",45.1%,2008,tt1205489
558,562,"10,000 BC","$269,784,201","$94,784,201",35.1%,"$175,000,000",64.9%,2008,tt0443649
559,563,American Gangster,"$269,755,430","$130,164,645",48.2%,"$139,590,785",51.8%,2007,tt0765429
560,564,Epic,"$268,426,634","$107,518,682",40.1%,"$160,907,952",59.9%,2013,tt0848537
561,565,Exodus: Gods and Kings,"$268,175,631","$65,014,513",24.2%,"$203,161,118",75.8%,2014,tt1528100
562,566,Bambi,"$267,447,150","$102,247,150",38.2%,"$165,200,000",61.8%,1942,tt0034492
563,567,The Princess and the Frog,"$267,045,765","$104,400,899",39.1%,"$162,644,866",60.9%,2009,tt0780521
564,568,Batman Returns,"$266,903,053","$162,902,340",61%,"$104,000,713",39%,1992,tt0103776
565,569,Indecent Proposal,"$266,614,059","$106,614,059",40%,"$160,000,000",60%,1993,tt0107211
566,570,Something's Gotta Give,"$265,328,738","$124,728,738",47%,"$140,600,000",53%,2003,tt0337741
567,571,Bridget Jones: The Edge of Reason,"$265,126,918","$40,226,215",15.2%,"$224,900,703",84.8%,2004,tt0317198
568,572,The Incredible Hulk,"$264,770,996","$134,806,913",50.9%,"$129,964,083",49.1%,2008,tt0800080
569,573,Waterworld,"$264,218,220","$88,246,220",33.4%,"$175,972,000",66.6%,1995,tt0114898
570,574,The Truman Show,"$264,118,201","$125,618,201",47.6%,"$138,500,000",52.4%,1998,tt0120382
571,575,Charlie's Angels,"$264,105,545","$125,305,545",47.4%,"$138,800,000",52.6%,2000,tt0160127
572,576,The Fifth Element,"$264,029,966","$63,820,180",24.2%,"$200,209,786",75.8%,1997,tt0119116
573,577,Jumanji,"$262,821,940","$100,499,940",38.2%,"$162,322,000",61.8%,1995,tt0113497
574,578,Borat: Cultural Learnings of America for Make Benefit Glorious Nation of Kazakhstan,"$262,552,893","$128,505,958",48.9%,"$134,046,935",51.1%,2006,tt0443453
575,579,Robots,"$262,511,490","$128,200,012",48.8%,"$134,311,478",51.2%,2005,tt0358082
576,580,Knight and Day,"$261,989,769","$76,423,035",29.2%,"$185,566,734",70.8%,2008,tt1013743
577,581,Total Recall,"$261,317,921","$119,412,921",45.7%,"$141,905,000",54.3%,1990,tt0100802
578,582,This Is It,"$261,183,588","$72,091,016",27.6%,"$189,092,572",72.4%,2009,tt1477715
579,583,Terminator: Dark Fate,"$261,119,292","$62,253,077",23.8%,"$198,866,215",76.2%,2019,tt6450804
580,584,The Lone Ranger,"$260,502,115","$89,302,115",34.3%,"$171,200,000",65.7%,2013,tt1210819
581,585,Super 8,"$260,095,986","$127,004,179",48.8%,"$133,091,807",51.2%,2011,tt1650062
582,586,Xun long jue,"$259,368,448","$1,243,810",0.5%,"$258,124,638",99.5%,2015,tt4276752
583,587,Blade Runner 2049,"$259,239,658","$92,054,159",35.5%,"$167,185,499",64.5%,2017,tt1856101
584,588,Charlie's Angels: Full Throttle,"$259,175,788","$100,830,111",38.9%,"$158,345,677",61.1%,2003,tt0305357
585,589,Rush Hour 3,"$258,097,122","$140,125,968",54.3%,"$117,971,154",45.7%,2007,tt0293564
586,590,The Full Monty,"$257,938,649","$45,950,122",17.8%,"$211,988,527",82.2%,1997,tt0119164
587,591,Kung Fu Yoga,"$257,743,016","$362,657",0.1%,"$257,380,359",99.9%,2017,tt4217392
588,592,Annabelle,"$257,047,661","$84,273,813",32.8%,"$172,773,848",67.2%,2014,tt3322940
589,593,The Village,"$256,697,520","$114,197,520",44.5%,"$142,500,000",55.5%,2003,tt0368447
590,594,Lost in Hong Kong,"$256,283,912","$1,302,281",0.5%,"$254,981,631",99.5%,2015,tt4242158
591,595,Erin Brockovich,"$256,271,286","$125,595,205",49%,"$130,676,081",51%,2000,tt0195685
592,597,Marley & Me,"$255,743,093","$143,153,751",56%,"$112,589,342",44%,2008,tt0822832
593,598,Halloween,"$255,485,178","$159,342,015",62.4%,"$96,143,163",37.6%,2018,tt1502407
594,599,Get Out,"$255,413,717","$176,040,665",68.9%,"$79,373,052",31.1%,2017,tt5052448
595,600,Us,"$255,184,580","$175,084,580",68.6%,"$80,100,000",31.4%,2019,tt6857112
596,601,Cliffhanger,"$255,000,211","$84,049,211",33%,"$170,951,000",67%,1993,tt0106582
597,602,Parasite,"$254,640,946","$53,369,749",21%,"$201,271,197",79%,2019,tt6751668
598,603,Baahubali 2: The Conclusion,"$254,158,390","$20,186,659",7.9%,"$233,971,731",92.1%,2017,tt4849438
599,604,Babe,"$254,134,910","$63,658,910",25%,"$190,476,000",75%,1995,tt0112431
600,605,Men in Black: International,"$253,890,701","$80,001,807",31.5%,"$173,888,894",68.5%,2019,tt2283336
601,606,Wild Hogs,"$253,625,427","$168,273,550",66.4%,"$85,351,877",33.6%,2007,tt0486946
602,607,High School Musical 3,"$252,909,177","$90,559,416",35.8%,"$162,349,761",64.2%,2008,tt0962726
603,608,Hercules,"$252,712,101","$99,112,101",39.2%,"$153,600,000",60.8%,1997,tt0119282
604,609,X-Men: Dark Phoenix,"$252,442,974","$65,845,974",26.1%,"$186,597,000",73.9%,2019,tt6565702
605,610,True Grit,"$252,276,927","$171,243,005",67.9%,"$81,033,922",32.1%,2010,tt1403865
606,611,Bean,"$251,212,670","$45,319,423",18%,"$205,893,247",82%,1997,tt0118689
607,612,American Hustle,"$251,171,807","$150,117,807",59.8%,"$101,054,000",40.2%,2013,tt1800241
608,613,Enemy of the State,"$250,849,789","$111,549,836",44.5%,"$139,299,953",55.5%,1998,tt0120660
609,614,You've Got Mail,"$250,821,495","$115,821,495",46.2%,"$135,000,000",53.8%,1998,tt0128853
610,615,Eragon,"$250,425,512","$75,030,163",30%,"$175,395,349",70%,2006,tt0449010
611,616,Brother Bear,"$250,397,798","$85,336,277",34.1%,"$165,061,521",65.9%,2003,tt0328880
612,617,The Mask of Zorro,"$250,288,523","$94,095,523",37.6%,"$156,193,000",62.4%,1998,tt0120746
613,618,The Ring,"$249,348,933","$129,128,133",51.8%,"$120,220,800",48.2%,2002,tt0298130
614,619,The Blair Witch Project,"$248,639,099","$140,539,099",56.5%,"$108,100,000",43.5%,1999,tt0185937
615,620,Unbreakable,"$248,118,121","$95,011,339",38.3%,"$153,106,782",61.7%,2000,tt0217869
616,621,Journey to the West: The Demons Strike Back,"$247,585,244","$880,346",0.4%,"$246,704,898",99.6%,2017,tt5273624
617,622,Dumb and Dumber,"$247,275,374","$127,175,374",51.4%,"$120,100,000",48.6%,1994,tt0109686
618,623,Glass,"$246,999,039","$111,048,468",45%,"$135,950,571",55%,2019,tt6823368
619,624,Grown Ups 2,"$246,984,278","$133,668,525",54.1%,"$113,315,753",45.9%,2013,tt2191701
620,625,The Peanuts Movie,"$246,233,113","$130,178,411",52.9%,"$116,054,702",47.1%,2015,tt2452042
621,626,Back to the Future Part III,"$246,144,250","$88,277,583",35.9%,"$157,866,667",64.1%,1990,tt0099088
622,627,The Godfather,"$246,120,974","$134,966,411",54.8%,"$111,154,563",45.2%,1972,tt0068646
623,628,Rango,"$245,724,603","$123,477,607",50.2%,"$122,246,996",49.8%,2011,tt1192628
624,629,Four Weddings and a Funeral,"$245,700,832","$52,700,832",21.4%,"$193,000,000",78.6%,1994,tt0109831
625,630,Face/Off,"$245,676,146","$112,276,146",45.7%,"$133,400,000",54.3%,1997,tt0119094
626,631,Teenage Mutant Ninja Turtles: Out of the Shadows,"$245,623,848","$82,051,601",33.4%,"$163,572,247",66.6%,2016,tt3949660
627,632,Dark Shadows,"$245,527,149","$79,727,149",32.5%,"$165,800,000",67.5%,2012,tt1077368
628,633,Hulk,"$245,285,165","$132,177,234",53.9%,"$113,107,931",46.1%,2003,tt0286716
629,634,The Bravest,"$245,179,562","$290,217",0.1%,"$244,889,345",99.9%,2019,tt10218674
630,636,Love Actually,"$244,931,766","$59,696,144",24.4%,"$185,235,622",75.6%,2003,tt0314331
631,637,Pixels,"$244,874,809","$78,747,585",32.2%,"$166,127,224",67.8%,2015,tt2120120
632,638,Hercules,"$244,819,862","$72,688,614",29.7%,"$172,131,248",70.3%,2014,tt1267297
633,639,Rush Hour,"$244,721,064","$141,186,864",57.7%,"$103,534,200",42.3%,1998,tt0120812
634,640,Journey to the Center of the Earth,"$244,232,688","$101,704,370",41.6%,"$142,528,318",58.4%,2008,tt0373051
635,641,After Earth,"$243,611,982","$60,522,097",24.8%,"$183,089,885",75.2%,2013,tt1815862
636,642,A Few Good Men,"$243,240,178","$141,340,178",58.1%,"$101,900,000",41.9%,1992,tt0104257
637,643,Cloudy with a Chance of Meatballs,"$243,006,126","$124,870,275",51.4%,"$118,135,851",48.6%,2009,tt0844471
638,644,8 Mile,"$242,875,078","$116,750,901",48.1%,"$126,124,177",51.9%,2002,tt0298203
639,645,Daddy's Home,"$242,786,137","$150,357,137",61.9%,"$92,429,000",38.1%,2015,tt1528854
640,646,RoboCop,"$242,688,965","$58,607,007",24.2%,"$184,081,958",75.8%,2014,tt1234721
641,647,Eraser,"$242,295,562","$101,295,562",41.8%,"$141,000,000",58.2%,1996,tt0116213
642,648,Alien: Covenant,"$240,891,763","$74,262,031",30.8%,"$166,629,732",69.2%,2017,tt2316204
643,649,Sully,"$240,797,623","$125,070,033",51.9%,"$115,727,590",48.1%,2016,tt3263904
644,650,Assassin's Creed,"$240,697,856","$54,647,948",22.7%,"$186,049,908",77.3%,2016,tt2094766
645,651,Click,"$240,685,326","$137,355,633",57.1%,"$103,329,693",42.9%,2006,tt0389860
646,652,Die Hard 2,"$240,247,433","$117,540,947",48.9%,"$122,706,486",51.1%,1990,tt0099423
647,653,Resident Evil: Retribution,"$240,159,255","$42,345,531",17.6%,"$197,813,724",82.4%,2012,tt1855325
648,654,Crocodile Dundee II,"$239,606,210","$109,306,210",45.6%,"$130,300,000",54.4%,1988,tt0092493
649,655,Planes,"$239,258,712","$90,288,712",37.7%,"$148,970,000",62.3%,2013,tt1691917
650,656,Crazy Rich Asians,"$238,532,921","$174,532,921",73.2%,"$64,000,000",26.8%,2018,tt3104988
651,657,Batman & Robin,"$238,235,915","$107,353,792",45.1%,"$130,882,123",54.9%,1997,tt0118688
652,658,Gulliver's Travels,"$237,382,724","$42,779,261",18%,"$194,603,463",82%,2010,tt1320261
653,659,Gone in 60 Seconds,"$237,202,299","$101,648,571",42.8%,"$135,553,728",57.2%,2000,tt0187078
654,660,Saturday Night Fever,"$237,113,184","$94,213,184",39.7%,"$142,900,000",60.3%,1977,tt0076666
655,661,Silver Linings Playbook,"$236,412,453","$132,092,958",55.9%,"$104,319,495",44.1%,2012,tt1045658
656,662,2 Fast 2 Furious,"$236,350,661","$127,154,901",53.8%,"$109,195,760",46.2%,2003,tt0322259
657,663,Howl's Moving Castle,"$236,212,992","$5,576,743",2.4%,"$230,636,249",97.6%,2004,tt0347149
658,664,Hidden Figures,"$235,956,898","$169,607,287",71.9%,"$66,349,611",28.1%,2016,tt4846340
659,665,A.I. Artificial Intelligence,"$235,926,552","$78,616,689",33.3%,"$157,309,863",66.7%,2001,tt0212720
660,666,Dead Poets Society,"$235,860,116","$95,860,116",40.6%,"$140,000,000",59.4%,1988,tt0097165
661,667,Spy,"$235,666,219","$110,825,712",47%,"$124,840,507",53%,2015,tt3079380
662,668,American Pie,"$235,483,004","$102,561,004",43.6%,"$132,922,000",56.4%,1999,tt0163651
663,669,American Reunion,"$234,989,584","$57,011,521",24.3%,"$177,978,063",75.7%,2012,tt1605630
664,670,Big Daddy,"$234,801,895","$163,479,795",69.6%,"$71,322,100",30.4%,1999,tt0142342
665,671,Alvin and the Chipmunks: The Road Chip,"$234,798,636","$85,886,987",36.6%,"$148,911,649",63.4%,2015,tt2974918
666,672,The Imitation Game,"$233,555,708","$91,125,683",39%,"$142,430,025",61%,2014,tt2084970
667,673,The Day the Earth Stood Still,"$233,093,859","$79,366,978",34%,"$153,726,881",66%,2008,tt0970416
668,674,American Wedding,"$232,722,935","$104,565,114",44.9%,"$128,157,821",55.1%,2003,tt0328828
669,675,The Girl with the Dragon Tattoo,"$232,617,430","$102,515,793",44.1%,"$130,101,637",55.9%,2011,tt1568346
670,676,Juno,"$232,372,681","$143,495,265",61.8%,"$88,877,416",38.2%,2007,tt0467406
671,677,Argo,"$232,325,503","$136,025,503",58.6%,"$96,300,000",41.4%,2012,tt1024648
672,678,Mr. Bean's Holiday,"$232,225,908","$33,302,167",14.3%,"$198,923,741",85.7%,2007,tt0453451
673,679,The English Patient,"$231,976,425","$78,676,425",33.9%,"$153,300,000",66.1%,1996,tt0116209
674,680,Sister Act,"$231,605,150","$139,605,150",60.3%,"$92,000,000",39.7%,1992,tt0105417
675,681,Annabelle Comes Home,"$231,252,591","$74,152,591",32.1%,"$157,100,000",67.9%,2019,tt8350360
676,682,Constantine,"$230,884,728","$75,976,178",32.9%,"$154,908,550",67.1%,2005,tt0360486
677,683,Get Smart,"$230,685,453","$130,319,208",56.5%,"$100,366,245",43.5%,2008,tt0425061
678,684,Space Jam,"$230,418,342","$90,418,342",39.2%,"$140,000,000",60.8%,1996,tt0117705
679,685,Life Is Beautiful,"$230,098,753","$57,563,264",25%,"$172,535,489",75%,1998,tt0118799
680,686,The Heat,"$229,930,771","$159,582,188",69.4%,"$70,348,583",30.6%,2013,tt2404463
681,687,Ghostbusters,"$229,147,509","$128,350,574",56%,"$100,796,935",44%,2016,tt1289401
682,688,Ghost Rider,"$228,738,393","$115,802,596",50.6%,"$112,935,797",49.4%,2007,tt0259324
683,690,Goodbye Mr. Loser,"$228,122,928","$1,293,626",0.6%,"$226,829,302",99.4%,2015,tt5061814
684,691,Paddington 2,"$227,978,523","$40,891,591",17.9%,"$187,086,932",82.1%,2017,tt4468740
685,692,Sleepless in Seattle,"$227,927,165","$126,808,165",55.6%,"$101,119,000",44.4%,1993,tt0108160
686,693,Lethal Weapon 2,"$227,853,986","$147,253,986",64.6%,"$80,600,000",35.4%,1989,tt0097733
687,694,The Green Hornet,"$227,817,248","$98,780,042",43.4%,"$129,037,206",56.6%,2011,tt0990407
688,695,Out of Africa,"$227,542,205","$87,071,205",38.3%,"$140,471,000",61.7%,1985,tt0089755
689,696,Youth,"$227,091,290","$1,891,956",0.8%,"$225,199,334",99.2%,2017,tt6654316
690,697,Baby Driver,"$226,945,087","$107,825,862",47.5%,"$119,119,225",52.5%,2017,tt3890160
691,698,Immortals,"$226,904,017","$83,504,017",36.8%,"$143,400,000",63.2%,2011,tt1253864
692,699,Taken,"$226,837,760","$145,000,989",63.9%,"$81,836,771",36.1%,2008,tt0936501
693,700,Percy Jackson & the Olympians: The Lightning Thief,"$226,497,209","$88,768,303",39.2%,"$137,728,906",60.8%,2010,tt0814255
694,701,Hansel & Gretel: Witch Hunters,"$226,349,749","$55,703,475",24.6%,"$170,646,274",75.4%,2013,tt1428538
695,702,Good Will Hunting,"$225,933,435","$138,433,435",61.3%,"$87,500,000",38.7%,1997,tt0119217
696,703,Valerian and the City of a Thousand Planets,"$225,874,228","$41,189,488",18.2%,"$184,684,740",81.8%,2017,tt2239822
697,704,Ford v Ferrari,"$225,508,210","$117,624,357",52.2%,"$107,883,853",47.8%,2019,tt1950186
698,705,Better Days,"$225,320,294","$1,921,657",0.8%,"$223,398,637",99.2%,2019,tt9586294
699,706,Jumper,"$225,132,113","$80,172,128",35.6%,"$144,959,985",64.4%,2008,tt0489099
700,707,The Social Network,"$224,920,315","$96,962,694",43.1%,"$127,957,621",56.9%,2010,tt1285016
701,708,Chicken Run,"$224,834,564","$106,834,564",47.5%,"$118,000,000",52.5%,2000,tt0120630
702,709,Con Air,"$224,012,234","$101,117,573",45.1%,"$122,894,661",54.9%,1997,tt0118880
703,710,Interview with the Vampire: The Vampire Chronicles,"$223,664,608","$105,264,608",47.1%,"$118,400,000",52.9%,1994,tt0110148
704,711,Flightplan,"$223,387,299","$89,707,299",40.2%,"$133,680,000",59.8%,2005,tt0408790
705,712,Dolittle,"$223,343,452","$77,047,065",34.5%,"$146,296,387",65.5%,2020,tt6673612
706,713,Yes Man,"$223,241,637","$97,690,976",43.8%,"$125,550,661",56.2%,2008,tt1068680
707,714,Non-Stop,"$222,809,600","$92,168,600",41.4%,"$130,641,000",58.6%,2014,tt2024469
708,715,"Honey, I Shrunk the Kids","$222,724,172","$130,724,172",58.7%,"$92,000,000",41.3%,1989,tt0097523
709,716,Fahrenheit 9/11,"$222,446,882","$119,194,771",53.6%,"$103,252,111",46.4%,2004,tt0361596
710,717,Wild Wild West,"$222,104,681","$113,804,681",51.2%,"$108,300,000",48.8%,1999,tt0120891
711,718,Elf,"$221,671,773","$174,626,840",78.8%,"$47,044,933",21.2%,2003,tt0319343
712,719,Geostorm,"$221,600,160","$33,700,160",15.2%,"$187,900,000",84.8%,2017,tt1981128
713,720,Presumed Innocent,"$221,303,188","$86,303,188",39%,"$135,000,000",61%,1990,tt0100404
714,721,Collateral,"$220,926,695","$101,005,703",45.7%,"$119,920,992",54.3%,2004,tt0369339
715,722,Scary Movie 3,"$220,673,217","$110,003,217",49.8%,"$110,670,000",50.2%,2003,tt0306047
716,723,Inferno,"$220,021,259","$34,343,574",15.6%,"$185,677,685",84.4%,2016,tt3062096
717,724,Knocked Up,"$219,922,417","$148,768,917",67.6%,"$71,153,500",32.4%,2007,tt0478311
718,725,Green Lantern,"$219,851,172","$116,601,172",53%,"$103,250,000",47%,2011,tt1133985
719,726,What Happens in Vegas,"$219,375,562","$80,277,646",36.6%,"$139,097,916",63.4%,2008,tt1033643
720,727,It's Complicated,"$219,103,655","$112,735,375",51.4%,"$106,368,280",48.6%,2009,tt1230414
721,728,The Terminal,"$219,100,084","$77,872,883",35.5%,"$141,227,201",64.5%,2004,tt0362227
722,729,Captain Phillips,"$218,791,811","$107,100,855",49%,"$111,690,956",51%,2013,tt1535109
723,730,The Prince of Egypt,"$218,613,188","$101,413,188",46.4%,"$117,200,000",53.6%,1998,tt0120794
724,731,Jack Reacher,"$218,340,595","$80,070,736",36.7%,"$138,269,859",63.3%,2012,tt0790724
725,732,Kingdom of Heaven,"$218,122,627","$47,398,413",21.7%,"$170,724,214",78.3%,2005,tt0320661
726,733,The Emoji Movie,"$217,776,646","$86,089,513",39.5%,"$131,687,133",60.5%,2017,tt4877122
727,734,Dirty Dancing,"$217,688,008","$64,577,242",29.7%,"$153,110,766",70.3%,1987,tt0092890
728,735,Dracula Untold,"$217,124,280","$56,280,355",25.9%,"$160,843,925",74.1%,2014,tt0829150
729,736,Central Intelligence,"$216,972,543","$127,440,871",58.7%,"$89,531,672",41.3%,2016,tt1489889
730,737,Million Dollar Baby,"$216,763,646","$100,492,203",46.4%,"$116,271,443",53.6%,2004,tt0405159
731,738,The Help,"$216,639,112","$169,708,112",78.3%,"$46,931,000",21.7%,2011,tt1454029
732,739,Twins,"$216,614,388","$111,938,388",51.7%,"$104,676,000",48.3%,1988,tt0096320
733,740,Valentine's Day,"$216,485,654","$110,485,654",51%,"$106,000,000",49%,2010,tt0817230
734,741,Bad Teacher,"$216,197,492","$100,292,856",46.4%,"$115,904,636",53.6%,2011,tt1284575
735,742,One Hundred and One Dalmatians,"$216,026,182","$144,880,014",67.1%,"$71,146,168",32.9%,1961,tt0055254
736,743,Clear and Present Danger,"$215,887,717","$122,187,717",56.6%,"$93,700,000",43.4%,1994,tt0109444
737,744,Ted 2,"$215,863,606","$81,476,385",37.7%,"$134,387,221",62.3%,2015,tt2637276
738,745,Bram Stoker's Dracula,"$215,862,692","$82,522,790",38.2%,"$133,339,902",61.8%,1992,tt0103874
739,746,Vertical Limit,"$215,663,859","$69,243,859",32.1%,"$146,420,000",67.9%,2000,tt0190865
740,747,Ghostbusters II,"$215,394,738","$112,494,738",52.2%,"$102,900,000",47.8%,1989,tt0097428
741,748,The Patriot,"$215,294,342","$113,330,342",52.6%,"$101,964,000",47.4%,2000,tt0187393
742,749,The Sorcerer's Apprentice,"$215,283,742","$63,150,991",29.3%,"$152,132,751",70.7%,2010,tt0963966
743,750,Just Go with It,"$214,945,591","$103,028,109",47.9%,"$111,917,482",52.1%,2011,tt1564367
744,751,The Expendables 3,"$214,657,577","$39,322,544",18.3%,"$175,335,033",81.7%,2014,tt2333784
745,752,Creed II,"$214,215,889","$115,715,889",54%,"$98,500,000",46%,2018,tt6343314
746,753,Pulp Fiction,"$214,179,088","$107,928,762",50.4%,"$106,250,326",49.6%,1994,tt0110912
747,754,Public Enemies,"$214,104,620","$97,104,620",45.4%,"$117,000,000",54.6%,2009,tt1152836
748,755,Smallfoot,"$214,040,103","$83,240,103",38.9%,"$130,800,000",61.1%,2018,tt6182908
749,756,The Bourne Identity,"$214,034,224","$121,661,683",56.8%,"$92,372,541",43.2%,2002,tt0258463
750,757,Disclosure,"$214,015,089","$83,015,089",38.8%,"$131,000,000",61.2%,1994,tt0109635
751,758,The Aviator,"$213,719,942","$102,610,330",48%,"$111,109,612",52%,2004,tt0338751
752,759,"Crouching Tiger, Hidden Dragon","$213,525,736","$128,078,872",60%,"$85,446,864",40%,2000,tt0190332
753,760,Braveheart,"$213,216,216","$75,609,945",35.5%,"$137,606,271",64.5%,1995,tt0112573
754,761,Into the Woods,"$212,902,372","$128,002,372",60.1%,"$84,900,000",39.9%,2014,tt2180411
755,762,Bedtime Stories,"$212,874,864","$110,101,975",51.7%,"$102,772,889",48.3%,2008,tt0960731
756,763,Miss Congeniality,"$212,742,720","$106,807,667",50.2%,"$105,935,053",49.8%,2000,tt0212346
757,764,Entrapment,"$212,404,396","$87,704,396",41.3%,"$124,700,000",58.7%,1999,tt0137494
758,765,Ace Ventura: When Nature Calls,"$212,385,533","$108,385,533",51%,"$104,000,000",49%,1995,tt0112281
759,766,End of Days,"$211,989,043","$66,889,043",31.6%,"$145,100,000",68.4%,1999,tt0146675
760,767,Bridget Jones's Baby,"$211,952,420","$24,252,420",11.4%,"$187,700,000",88.6%,2016,tt1473832
761,768,Battle Los Angeles,"$211,819,354","$83,552,429",39.4%,"$128,266,925",60.6%,2011,tt1217613
762,769,Fury,"$211,817,906","$85,817,906",40.5%,"$126,000,000",59.5%,2014,tt2713180
763,770,Australia,"$211,787,511","$49,554,002",23.4%,"$162,233,509",76.6%,2008,tt0455824
764,771,Due Date,"$211,780,824","$100,539,043",47.5%,"$111,241,781",52.5%,2010,tt1231583
765,772,Master and Commander: The Far Side of the World,"$211,622,535","$93,927,920",44.4%,"$117,694,615",55.6%,2003,tt0311113
766,773,Lemony Snicket's A Series of Unfortunate Events,"$211,468,235","$118,634,549",56.1%,"$92,833,686",43.9%,2004,tt0339291
767,774,District 9,"$210,888,950","$115,646,235",54.8%,"$95,242,715",45.2%,2009,tt1136608
768,775,The Jungle Book,"$210,310,084","$141,843,612",67.4%,"$68,466,472",32.6%,1967,tt0061852
769,776,Moonraker,"$210,308,099","$70,308,099",33.4%,"$140,000,000",66.6%,1979,tt0079574
770,777,The Others,"$209,947,037","$96,522,687",46%,"$113,424,350",54%,2001,tt0230600
771,778,Horrible Bosses,"$209,838,559","$117,538,559",56%,"$92,300,000",44%,2011,tt1499658
772,780,Red Dragon,"$209,196,298","$93,149,898",44.5%,"$116,046,400",55.5%,2002,tt0289765
773,781,Tomorrowland,"$209,035,668","$93,436,322",44.7%,"$115,599,346",55.3%,2015,tt1964418
774,782,Me Before You,"$208,314,186","$56,245,075",27%,"$152,069,111",73%,2016,tt2674426
775,783,Safe House,"$208,076,205","$126,373,434",60.7%,"$81,702,771",39.3%,2012,tt1599348
776,784,S.W.A.T.,"$207,725,639","$116,934,650",56.3%,"$90,790,989",43.7%,2003,tt0257076
777,785,Traffic,"$207,515,725","$124,115,725",59.8%,"$83,400,000",40.2%,2000,tt0181865
778,786,The Fast and the Furious,"$207,284,863","$144,533,925",69.7%,"$62,750,938",30.3%,2001,tt0232500
779,787,Paranormal Activity 3,"$207,039,844","$104,028,807",50.2%,"$103,011,037",49.8%,2011,tt1778304
780,788,Philadelphia,"$206,678,440","$77,446,440",37.5%,"$129,232,000",62.5%,1993,tt0107818
781,789,Sleepy Hollow,"$206,071,502","$101,071,502",49%,"$105,000,000",51%,1999,tt0162661
782,790,Little Women,"$206,006,503","$108,101,214",52.5%,"$97,905,289",47.5%,2019,tt3281548
783,791,The Holiday,"$205,841,885","$63,224,849",30.7%,"$142,617,036",69.3%,2006,tt0457939
784,792,London Has Fallen,"$205,754,447","$62,524,260",30.4%,"$143,230,187",69.6%,2016,tt3300542
785,793,A Dog's Purpose,"$205,736,628","$64,508,620",31.4%,"$141,228,008",68.6%,2017,tt1753383
786,794,The Break-Up,"$205,668,210","$118,703,275",57.7%,"$86,964,935",42.3%,2006,tt0452594
787,795,Journey to the West,"$205,637,183","$18,058",<0.1%,"$205,619,125",100%,2013,tt2017561
788,796,JFK,"$205,405,498","$70,405,498",34.3%,"$135,000,000",65.7%,1991,tt0102138
789,797,White House Down,"$205,366,737","$73,103,784",35.6%,"$132,262,953",64.4%,2013,tt2334879
790,798,Fun with Dick and Jane,"$204,681,899","$110,332,737",53.9%,"$94,349,162",46.1%,2005,tt0369441
791,799,Eat Pray Love,"$204,594,016","$80,574,010",39.4%,"$124,020,006",60.6%,2010,tt0879870
792,800,You Don't Mess with the Zohan,"$204,313,400","$100,018,837",49%,"$104,294,563",51%,2008,tt0960144
793,801,King Arthur,"$203,567,857","$51,882,244",25.5%,"$151,685,613",74.5%,2004,tt0349683
794,802,Hairspray,"$203,552,922","$118,871,849",58.4%,"$84,681,073",41.6%,2007,tt0427327
795,803,Yogi Bear,"$203,518,375","$100,246,011",49.3%,"$103,272,364",50.7%,2010,tt1302067
796,804,Everest,"$203,427,584","$43,482,270",21.4%,"$159,945,314",78.6%,2015,tt2719848
797,805,Vanilla Sky,"$203,388,341","$100,618,344",49.5%,"$102,769,997",50.5%,2001,tt0259711
798,806,Arrival,"$203,388,186","$100,546,139",49.4%,"$102,842,047",50.6%,2016,tt2543164
799,807,Need for Speed,"$203,277,636","$43,577,636",21.4%,"$159,700,000",78.6%,2014,tt2369135
800,808,Ponyo,"$203,204,882","$15,743,471",7.8%,"$187,461,411",92.2%,2008,tt0876563
801,809,Garfield,"$203,172,417","$75,369,589",37.1%,"$127,802,828",62.9%,2004,tt0356634
802,810,The Addams Family,"$203,044,905","$100,044,905",49.3%,"$103,000,000",50.7%,2019,tt1620981
803,811,Patch Adams,"$202,292,902","$135,026,902",66.8%,"$67,266,000",33.2%,1998,tt0129290
804,812,Teenage Mutant Ninja Turtles,"$201,965,915","$135,265,915",67%,"$66,700,000",33%,1990,tt0100758
805,813,Kindergarten Cop,"$201,957,688","$91,457,688",45.3%,"$110,500,000",54.7%,1990,tt0099938
806,814,Birds of Prey: And the Fantabulous Emancipation of One Harley Quinn,"$201,858,461","$84,158,461",41.7%,"$117,700,000",58.3%,2020,tt7713068
807,815,Straight Outta Compton,"$201,634,991","$161,197,785",80%,"$40,437,206",20%,2015,tt1398426
808,816,21 Jump Street,"$201,585,328","$138,447,667",68.7%,"$63,137,661",31.3%,2012,tt1232829
809,817,Valkyrie,"$201,545,517","$83,077,833",41.2%,"$118,467,684",58.8%,2008,tt0985699
810,818,Open Season,"$200,811,689","$85,105,259",42.4%,"$115,706,430",57.6%,2006,tt0400717
811,819,Cats & Dogs,"$200,687,492","$93,385,515",46.5%,"$107,301,977",53.5%,2001,tt0239395
812,820,The Hunt for Red October,"$200,512,643","$122,012,643",60.8%,"$78,500,000",39.2%,1990,tt0099810
813,821,Percy Jackson: Sea of Monsters,"$199,850,315","$68,559,554",34.3%,"$131,290,761",65.7%,2013,tt1854564
814,822,Two Weeks Notice,"$199,043,242","$93,354,851",46.9%,"$105,688,391",53.1%,2002,tt0313737
815,823,RED,"$199,006,387","$90,380,162",45.4%,"$108,626,225",54.6%,2010,tt1245526
816,824,City of Angels,"$198,685,114","$78,685,114",39.6%,"$120,000,000",60.4%,1998,tt0120632
817,825,The Pacifier,"$198,636,868","$113,086,868",56.9%,"$85,550,000",43.1%,2005,tt0395699
818,826,50 First Dates,"$198,520,934","$120,908,074",60.9%,"$77,612,860",39.1%,2004,tt0343660
819,827,Total Recall,"$198,467,168","$58,877,969",29.7%,"$139,589,199",70.3%,2012,tt1386703
820,828,The Island,"$198,326,350","$670,883",0.3%,"$197,655,467",99.7%,2018,tt8755316
821,829,The Impossible,"$198,087,212","$19,019,882",9.6%,"$179,067,330",90.4%,2012,tt1649419
822,830,Lost in Thailand,"$197,757,387","$57,387",<0.1%,"$197,700,000",100%,2012,tt2459022
823,831,Christopher Robin,"$197,744,377","$99,215,042",50.2%,"$98,529,335",49.8%,2018,tt4575576
824,832,Jack the Giant Slayer,"$197,687,603","$65,187,603",33%,"$132,500,000",67%,2013,tt1351685
825,833,Smurfs: The Lost Village,"$197,183,546","$45,020,282",22.8%,"$152,163,264",77.2%,2017,tt2398241
826,834,Spy Kids 3-D: Game Over,"$197,101,678","$111,761,982",56.7%,"$85,339,696",43.3%,2003,tt0338459
827,835,Panic Room,"$197,079,546","$96,397,334",48.9%,"$100,682,212",51.1%,2002,tt0258000
828,836,The Other Woman,"$196,710,396","$83,911,193",42.7%,"$112,799,203",57.3%,2014,tt2203939
829,837,Stargate,"$196,567,262","$71,567,262",36.4%,"$125,000,000",63.6%,1994,tt0111282
830,838,Beowulf,"$196,393,745","$82,280,579",41.9%,"$114,113,166",58.1%,2007,tt0442933
831,839,The Vow,"$196,114,570","$125,014,030",63.8%,"$71,100,540",36.2%,2012,tt1606389
832,840,Anger Management,"$195,745,823","$135,645,823",69.3%,"$60,100,000",30.7%,2003,tt0305224
833,841,Tropic Thunder,"$195,702,811","$110,515,313",56.5%,"$85,187,498",43.5%,2008,tt0942385
834,842,The Shape of Water,"$195,333,312","$63,859,435",32.7%,"$131,473,877",67.3%,2017,tt5580390
835,843,The Pelican Brief,"$195,268,056","$100,768,056",51.6%,"$94,500,000",48.4%,1993,tt0107798
836,844,The BFG,"$195,243,411","$55,483,770",28.4%,"$139,759,641",71.6%,2016,tt3691740
837,845,Rocketman,"$195,179,299","$96,368,160",49.4%,"$98,811,139",50.6%,2019,tt2066051
838,846,The Intern,"$194,564,672","$75,764,672",38.9%,"$118,800,000",61.1%,2015,tt2361509
839,847,Wallace & Gromit: The Curse of the Were-Rabbit,"$194,111,171","$56,110,897",28.9%,"$138,000,274",71.1%,2005,tt0312004
840,848,Gnomeo & Juliet,"$193,967,670","$99,967,670",51.5%,"$94,000,000",48.5%,2011,tt0377981
841,849,The Sum of All Fears,"$193,921,372","$118,907,036",61.3%,"$75,014,336",38.7%,2002,tt0164184
842,850,Gangs of New York,"$193,772,504","$77,812,000",40.2%,"$115,960,504",59.8%,2002,tt0217505
843,851,The Monkey King 2,"$193,678,298","$709,982",0.4%,"$192,968,316",99.6%,2016,tt4591310
844,852,Paranormal Activity,"$193,355,800","$107,918,810",55.8%,"$85,436,990",44.2%,2009,tt1179904
845,853,The Equalizer,"$192,330,738","$101,530,738",52.8%,"$90,800,000",47.2%,2014,tt0455944
846,854,The Lego Movie 2: The Second Part,"$192,306,508","$105,806,508",55%,"$86,500,000",45%,2019,tt3513498
847,855,Downton Abbey,"$192,094,429","$96,854,135",50.4%,"$95,240,294",49.6%,2019,tt6398184
848,856,The Addams Family,"$191,502,426","$113,502,426",59.3%,"$78,000,000",40.7%,1991,tt0101272
849,857,The Longest Yard,"$191,466,556","$158,119,460",82.6%,"$33,347,096",17.4%,2005,tt0398165
850,858,Cheaper by the Dozen,"$190,538,630","$138,614,544",72.8%,"$51,924,086",27.2%,2003,tt0349205
851,859,The Equalizer 2,"$190,400,157","$102,084,362",53.6%,"$88,315,795",46.4%,2018,tt3766354
852,860,Hollow Man,"$190,213,455","$73,209,340",38.5%,"$117,004,115",61.5%,2000,tt0164052
853,861,Abominable,"$189,892,513","$60,716,390",32%,"$129,176,123",68%,2019,tt6324278
854,862,Outbreak,"$189,859,560","$67,659,560",35.6%,"$122,200,000",64.4%,1995,tt0114069
855,863,The Santa Clause,"$189,833,357","$144,833,357",76.3%,"$45,000,000",23.7%,1994,tt0111070
856,864,The White Storm 2: Drug Lords,"$189,396,380","$609,461",0.3%,"$188,786,919",99.7%,2019,tt8239806
857,865,The X Files,"$189,176,423","$83,898,313",44.4%,"$105,278,110",55.6%,1998,tt0120902
858,866,Breakup Buddies,"$189,017,596","$777,896",0.4%,"$188,239,700",99.6%,2014,tt3890264
859,867,Rambo III,"$189,015,611","$53,715,611",28.4%,"$135,300,000",71.6%,1988,tt0095956
860,868,The Secret Life of Walter Mitty,"$188,133,322","$58,236,838",31%,"$129,896,484",69%,2013,tt0359950
861,870,Jaws 2,"$187,884,007","$81,766,007",43.5%,"$106,118,000",56.5%,1978,tt0077766
862,871,12 Years a Slave,"$187,733,202","$56,671,993",30.2%,"$131,061,209",69.8%,2013,tt2024544
863,872,Heat,"$187,436,818","$67,436,818",36%,"$120,000,000",64%,1995,tt0113277
864,873,Mr. Popper's Penguins,"$187,361,754","$68,224,452",36.4%,"$119,137,302",63.6%,2011,tt1396218
865,874,The Grudge,"$187,281,115","$110,359,362",58.9%,"$76,921,753",41.1%,2004,tt0391198
866,875,I Now Pronounce You Chuck & Larry,"$187,134,117","$120,059,556",64.2%,"$67,074,561",35.8%,2007,tt0762107
867,876,Weathering with You,"$186,965,409","$7,798,743",4.2%,"$179,166,666",95.8%,2019,tt9426210
868,877,The Horse Whisperer,"$186,883,563","$75,383,563",40.3%,"$111,500,000",59.7%,1998,tt0119314
869,878,Walk the Line,"$186,797,986","$119,519,402",64%,"$67,278,584",36%,2005,tt0358273
870,880,The Jungle Book 2,"$186,303,759","$47,901,582",25.7%,"$138,402,177",74.3%,2003,tt0283426
871,881,The Final Destination,"$186,167,139","$66,477,700",35.7%,"$119,689,439",64.3%,2009,tt1144884
872,882,Atlantis: The Lost Empire,"$186,053,725","$84,056,472",45.2%,"$101,997,253",54.8%,2001,tt0230011
873,883,Inside Man,"$186,003,591","$88,513,495",47.6%,"$97,490,096",52.4%,2006,tt0454848
874,884,The Waterboy,"$185,991,646","$161,491,646",86.8%,"$24,500,000",13.2%,1998,tt0120484
875,885,Hugo,"$185,770,160","$73,864,507",39.8%,"$111,905,653",60.2%,2011,tt0970179
876,886,Pitch Perfect 3,"$185,400,345","$104,897,530",56.6%,"$80,502,815",43.4%,2017,tt4765284
877,887,Watchmen,"$185,382,813","$107,509,799",58%,"$77,873,014",42%,2009,tt0409459
878,888,The Birdcage,"$185,260,553","$124,060,553",67%,"$61,200,000",33%,1996,tt0115685
879,889,Moulin Rouge!,"$184,928,135","$57,386,607",31%,"$127,541,528",69%,2001,tt0203009
880,890,Snow White and the Seven Dwarfs,"$184,925,486","$184,925,486",100%,$0,-,1937,tt0029583
881,891,Hop,"$183,953,723","$108,085,305",58.8%,"$75,868,418",41.2%,2011,tt1411704
882,892,Bad Moms,"$183,936,074","$113,257,297",61.6%,"$70,678,777",38.4%,2016,tt4651520
883,893,Jupiter Ascending,"$183,887,723","$47,387,723",25.8%,"$136,500,000",74.2%,2015,tt1617661
884,894,Knowing,"$183,658,498","$79,957,634",43.5%,"$103,700,864",56.5%,2007,tt0448011
885,895,102 Dalmatians,"$183,611,771","$66,957,026",36.5%,"$116,654,745",63.5%,2000,tt0211181
886,897,Storks,"$183,388,953","$72,679,278",39.6%,"$110,709,675",60.4%,2016,tt4624424
887,898,Paul Blart: Mall Cop,"$183,348,429","$146,336,178",79.8%,"$37,012,251",20.2%,2009,tt1114740
888,899,Wayne's World,"$183,097,323","$121,697,323",66.5%,"$61,400,000",33.5%,1992,tt0105793
889,900,Maverick,"$183,031,272","$101,631,272",55.5%,"$81,400,000",44.5%,1994,tt0110478
890,901,Mirror Mirror,"$183,018,522","$64,935,167",35.5%,"$118,083,355",64.5%,2012,tt1667353
891,902,The Man in the Iron Mask,"$182,968,902","$56,968,902",31.1%,"$126,000,000",68.9%,1998,tt0120744
892,903,Cape Fear,"$182,291,969","$79,091,969",43.4%,"$103,200,000",56.6%,1991,tt0101540
893,904,The Haunted Mansion,"$182,290,266","$75,847,266",41.6%,"$106,443,000",58.4%,2003,tt0338094
894,906,While You Were Sleeping,"$182,057,016","$81,057,016",44.5%,"$101,000,000",55.5%,1995,tt0114924
895,907,The Bridges of Madison County,"$182,016,617","$71,516,617",39.3%,"$110,500,000",60.7%,1995,tt0112579
896,909,Poseidon,"$181,674,817","$60,674,817",33.4%,"$121,000,000",66.6%,2006,tt0409182
897,910,The First Wives Club,"$181,489,203","$105,489,203",58.1%,"$76,000,000",41.9%,1996,tt0116313
898,911,Scooby-Doo 2: Monsters Unleashed,"$181,216,833","$84,216,833",46.5%,"$97,000,000",53.5%,2004,tt0331632
899,912,Hot Shots!,"$181,096,164","$69,467,617",38.4%,"$111,628,547",61.6%,1991,tt0102059
900,913,Road to Perdition,"$181,001,478","$104,454,762",57.7%,"$76,546,716",42.3%,2002,tt0257044
901,914,Kill Bill: Vol. 1,"$180,899,045","$70,099,045",38.8%,"$110,800,000",61.2%,2003,tt0266697
902,915,The Hitman's Bodyguard,"$180,650,747","$75,468,583",41.8%,"$105,182,164",58.2%,2017,tt1959563
903,916,The Scorpion King,"$180,630,907","$91,047,077",50.4%,"$89,583,830",49.6%,2002,tt0277296
904,917,Sweet Home Alabama,"$180,622,424","$127,223,418",70.4%,"$53,399,006",29.6%,2002,tt0256415
905,918,Daddy's Home 2,"$180,613,180","$104,029,443",57.6%,"$76,583,737",42.4%,2017,tt5657846
906,919,Deja Vu,"$180,557,550","$64,038,616",35.5%,"$116,518,934",64.5%,2006,tt0453467
907,920,Hacksaw Ridge,"$180,450,918","$67,209,615",37.2%,"$113,241,303",62.8%,2016,tt2119532
908,921,The Post,"$179,769,457","$81,903,458",45.6%,"$97,865,999",54.4%,2017,tt6294822
909,922,Dangerous Minds,"$179,519,401","$84,919,401",47.3%,"$94,600,000",52.7%,1995,tt0112792
910,923,The Dictator,"$179,379,533","$59,650,222",33.2%,"$119,729,311",66.8%,2012,tt1645170
911,924,The League of Extraordinary Gentlemen,"$179,265,204","$66,465,204",37.1%,"$112,800,000",62.9%,2003,tt0311429
912,925,Allegiant,"$179,246,868","$66,184,051",36.9%,"$113,062,817",63.1%,2016,tt3410834
913,926,Daredevil,"$179,179,718","$102,543,518",57.2%,"$76,636,200",42.8%,2003,tt0287978
914,927,City Slickers,"$179,033,791","$124,033,791",69.3%,"$55,000,000",30.7%,1991,tt0101587
915,928,He's Just Not That Into You,"$178,866,158","$93,953,653",52.5%,"$84,912,505",47.5%,2009,tt1001508
916,929,Eagle Eye,"$178,767,383","$101,440,743",56.7%,"$77,326,640",43.3%,2008,tt1059786
917,930,Along Came Polly,"$178,311,729","$88,097,164",49.4%,"$90,214,565",50.6%,2004,tt0343135
918,931,Flushed Away,"$178,281,554","$64,665,672",36.3%,"$113,615,882",63.7%,2006,tt0424095
919,932,Scary Movie 4,"$178,262,620","$90,710,620",50.9%,"$87,552,000",49.1%,2006,tt0362120
920,933,Dante's Peak,"$178,127,760","$67,127,760",37.7%,"$111,000,000",62.3%,1997,tt0118928
921,934,Brokeback Mountain,"$178,062,759","$83,043,761",46.6%,"$95,018,998",53.4%,2005,tt0388795
922,935,Patriot Games,"$178,051,587","$83,351,587",46.8%,"$94,700,000",53.2%,1992,tt0105112
923,936,Flubber,"$177,977,226","$92,977,226",52.2%,"$85,000,000",47.8%,1997,tt0119137
924,937,Baywatch,"$177,856,751","$58,060,186",32.6%,"$119,796,565",67.4%,2017,tt1469304
925,938,Double Jeopardy,"$177,841,558","$116,741,558",65.6%,"$61,100,000",34.4%,1999,tt0150377
926,939,War Horse,"$177,584,879","$79,884,879",45%,"$97,700,000",55%,2011,tt1568911
927,940,Paranormal Activity 2,"$177,512,032","$84,752,907",47.7%,"$92,759,125",52.3%,2010,tt1536044
928,941,How to Lose a Guy in 10 Days,"$177,502,387","$105,813,373",59.6%,"$71,689,014",40.4%,2003,tt0251127
929,942,Alien vs. Predator,"$177,427,090","$80,282,231",45.2%,"$97,144,859",54.8%,2004,tt0370263
930,943,Hero,"$177,395,557","$53,710,019",30.3%,"$123,685,538",69.7%,2002,tt0299977
931,944,The 40-Year-Old Virgin,"$177,378,645","$109,449,237",61.7%,"$67,929,408",38.3%,2005,tt0405422
932,945,Lee Daniels' The Butler,"$177,313,795","$116,632,095",65.8%,"$60,681,700",34.2%,2013,tt1327773
933,946,The Haunting,"$177,311,151","$91,411,151",51.6%,"$85,900,000",48.4%,1999,tt0171363
934,947,The Descendants,"$177,243,185","$82,584,160",46.6%,"$94,659,025",53.4%,2011,tt1033575
935,948,The A-Team,"$177,238,796","$77,222,099",43.6%,"$100,016,697",56.4%,2010,tt0429493
936,949,Tootsie,"$177,200,000","$177,200,000",100%,$0,-,1982,tt0084805
937,950,In the Line of Fire,"$176,997,168","$102,314,823",57.8%,"$74,682,345",42.2%,1993,tt0107206
938,951,Analyze This,"$176,885,658","$106,885,658",60.4%,"$70,000,000",39.6%,1999,tt0122933
939,952,Looper,"$176,506,819","$66,486,205",37.7%,"$110,020,614",62.3%,2012,tt1276104
940,954,Dr. Dolittle 2,"$176,104,344","$112,952,899",64.1%,"$63,151,445",35.9%,2001,tt0240462
941,955,The Italian Job,"$176,070,171","$106,128,601",60.3%,"$69,941,570",39.7%,2003,tt0317740
942,956,The Bucket List,"$175,372,502","$93,466,502",53.3%,"$81,906,000",46.7%,2007,tt0825232
943,957,Sleeping with the Enemy,"$174,999,005","$101,599,005",58.1%,"$73,400,000",41.9%,1991,tt0102945
944,958,Cowboys & Aliens,"$174,822,325","$100,240,551",57.3%,"$74,581,774",42.7%,2011,tt0409847
945,959,The Mule,"$174,804,407","$103,804,407",59.4%,"$71,000,000",40.6%,2018,tt7959026
946,960,George of the Jungle,"$174,463,257","$105,263,257",60.3%,"$69,200,000",39.7%,1997,tt0119190
947,961,Evan Almighty,"$174,440,724","$100,462,298",57.6%,"$73,978,426",42.4%,2007,tt0413099
948,962,Identity Thief,"$173,965,010","$134,506,920",77.3%,"$39,458,090",22.7%,2013,tt2024432
949,963,The Nutcracker and the Four Realms,"$173,961,069","$54,858,851",31.5%,"$119,102,218",68.5%,2018,tt5523010
950,964,Big Momma's House,"$173,959,438","$117,559,438",67.6%,"$56,400,000",32.4%,2000,tt0208003
951,965,In Time,"$173,930,596","$37,520,095",21.6%,"$136,410,501",78.4%,2011,tt1637688
952,966,Amélie,"$173,924,742","$33,225,499",19.1%,"$140,699,243",80.9%,2001,tt0211915
953,967,Operation Mekong,"$173,839,072","$800,012",0.5%,"$173,039,060",99.5%,2016,tt6044910
954,968,Anchorman 2: The Legend Continues,"$173,649,931","$127,352,707",73.3%,"$46,297,224",26.7%,2013,tt1229340
955,969,Creed,"$173,567,581","$109,767,581",63.2%,"$63,800,000",36.8%,2015,tt3076658
956,970,Gemini Man,"$173,469,516","$48,546,770",28%,"$124,922,746",72%,2019,tt1025100
957,971,The Girl on the Train,"$173,185,859","$75,395,035",43.5%,"$97,790,824",56.5%,2016,tt3631112
958,972,Scream,"$173,046,663","$103,046,663",59.6%,"$70,000,000",40.4%,1996,tt0117571
959,973,Cold Mountain,"$173,013,509","$95,636,509",55.3%,"$77,377,000",44.7%,2003,tt0159365
960,974,Black Hawk Down,"$172,989,651","$108,638,745",62.8%,"$64,350,906",37.2%,2001,tt0265086
961,975,The Grand Budapest Hotel,"$172,936,941","$59,301,324",34.3%,"$113,635,617",65.7%,2014,tt2278388
962,976,The Santa Clause 2,"$172,855,065","$139,236,327",80.6%,"$33,618,738",19.4%,2002,tt0304669
963,977,Cloverfield,"$172,394,180","$80,048,433",46.4%,"$92,345,747",53.6%,2008,tt1060277
964,978,Scream 2,"$172,363,301","$101,363,301",58.8%,"$71,000,000",41.2%,1997,tt0120082
965,979,Couples Retreat,"$171,844,840","$109,204,945",63.6%,"$62,639,895",36.4%,2009,tt1078940
966,980,Antz,"$171,757,863","$90,757,863",52.8%,"$81,000,000",47.2%,1998,tt0120587
967,981,Blood Diamond,"$171,720,398","$57,377,916",33.4%,"$114,342,482",66.6%,2006,tt0450259
968,982,Jackass 3D,"$171,685,792","$117,229,692",68.3%,"$54,456,100",31.7%,2010,tt1116184
969,983,No Country for Old Men,"$171,627,166","$74,283,625",43.3%,"$97,343,541",56.7%,2007,tt0477348
970,984,Spies in Disguise,"$171,616,764","$66,757,013",38.9%,"$104,859,751",61.1%,2019,tt5814534
971,985,John Wick: Chapter 2,"$171,539,887","$92,029,184",53.6%,"$79,510,703",46.4%,2017,tt4425200
972,986,Cocktail,"$171,504,781","$78,222,753",45.6%,"$93,282,028",54.4%,1988,tt0094889
973,988,Mr. Deeds,"$171,269,535","$126,293,452",73.7%,"$44,976,083",26.3%,2002,tt0280590
974,989,Contact,"$171,120,329","$100,920,329",59%,"$70,200,000",41%,1997,tt0118884
975,990,Superbad,"$170,812,526","$121,463,226",71.1%,"$49,349,300",28.9%,2007,tt0829482
976,991,The Other Guys,"$170,458,922","$119,219,978",69.9%,"$51,238,944",30.1%,2010,tt1386588
977,992,The Specialist,"$170,362,582","$57,362,582",33.7%,"$113,000,000",66.3%,1994,tt0111255
978,993,Olympus Has Fallen,"$170,270,201","$98,925,640",58.1%,"$71,344,561",41.9%,2013,tt2302755
979,994,Starsky & Hutch,"$170,268,750","$88,237,754",51.8%,"$82,030,996",48.2%,2004,tt0335438
980,995,Shall We Dance,"$170,128,460","$57,890,460",34%,"$112,238,000",66%,2004,tt0358135
981,996,Stuart Little 2,"$169,956,806","$64,956,806",38.2%,"$105,000,000",61.8%,2002,tt0243585
982,997,Zookeeper,"$169,852,759","$80,360,843",47.3%,"$89,491,916",52.7%,2011,tt1222817
983,998,Dumb and Dumber To,"$169,837,010","$86,208,010",50.8%,"$83,629,000",49.2%,2014,tt2096672
984,999,Ghost in the Shell,"$169,801,921","$40,563,557",23.9%,"$129,238,364",76.1%,2017,tt1219827
985,"1,000",Seven Pounds,"$169,748,929","$69,951,824",41.2%,"$99,797,105",58.8%,2008,tt0814314
986,"1,001",Meet the Robinsons,"$169,333,034","$97,822,171",57.8%,"$71,510,863",42.2%,2007,tt0396555
987,"1,002",The Emperor's New Groove,"$169,327,687","$89,302,687",52.7%,"$80,025,000",47.3%,2000,tt0120917
988,"1,003",12 Monkeys,"$168,839,459","$57,141,459",33.8%,"$111,698,000",66.2%,1995,tt0114746
989,"1,004",Dodgeball,"$168,423,227","$114,326,736",67.9%,"$54,096,491",32.1%,2004,tt0364725
990,"1,005",Hellboy II: The Golden Army,"$168,319,243","$75,986,503",45.1%,"$92,332,740",54.9%,2008,tt0411477
991,"1,006",Insidious: The Last Key,"$167,885,588","$67,745,330",40.4%,"$100,140,258",59.6%,2018,tt5726086
992,"1,007",Fantastic Four,"$167,882,881","$56,117,548",33.4%,"$111,765,333",66.6%,2015,tt1502712
993,"1,008",Unstoppable,"$167,805,466","$81,562,942",48.6%,"$86,242,524",51.4%,2010,tt0477080
994,"1,009",Three Men and a Baby,"$167,780,960","$167,780,960",100%,$0,-,1987,tt0094137
995,"1,010",Magic Mike,"$167,739,368","$113,721,571",67.8%,"$54,017,797",32.2%,2012,tt1915581
996,"1,011",Alexander,"$167,298,192","$34,297,191",20.5%,"$133,001,001",79.5%,2004,tt0346491
997,"1,012",Up in the Air,"$166,842,739","$83,823,381",50.2%,"$83,019,358",49.8%,2009,tt1193138
998,"1,013",Nutty Professor II: The Klumps,"$166,339,890","$123,309,890",74.1%,"$43,030,000",25.9%,2000,tt0144528
999,"1,014",Sleepers,"$165,615,285","$53,315,285",32.2%,"$112,300,000",67.8%,1996,tt0117665
